title,emp_no,first_name,last_name,from_date,to_date,salary
Senior Staff,10095,Hilari,Morton,2000-03-09,9999-01-01,63668
Technique Leader,10122,Ohad,Esposito,1998-08-06,9999-01-01,42284
Senior Staff,10291,Dipayan,Seghrouchni,1994-03-30,9999-01-01,57430
Senior Staff,10476,Kokou,Iisaka,1994-09-20,9999-01-01,58221
Technique Leader,10663,Teunis,Noriega,1993-01-23,9999-01-01,47521
Senior Staff,10762,Lech,Himler,1999-01-21,9999-01-01,52172
Senior Engineer,10933,Juyoung,Seghrouchni,1993-08-02,9999-01-01,40000
Senior Engineer,12155,Keiichiro,Glinert,2001-09-16,9999-01-01,55355
Senior Engineer,12408,Rasiah,Sudkamp,1995-04-18,9999-01-01,40000
Staff,12643,Morrie,Schurmann,1998-12-31,9999-01-01,114784
Technique Leader,13499,Kazuhiko,Sidou,1991-09-01,9999-01-01,40000
Engineer,14075,Denny,Tchuente,1998-05-30,9999-01-01,40000
Senior Staff,14104,Sudhanshu,Demian,1999-07-23,9999-01-01,40327
Senior Engineer,14127,Magdalena,Cannard,2002-04-22,9999-01-01,50454
Senior Staff,14158,Caolyn,Setiz,1996-02-06,9999-01-01,67559
Engineer,14476,Sastry,Marrevee,1999-09-25,9999-01-01,72512
Senior Staff,14907,Nakhoon,Luga,1994-12-18,9999-01-01,69351
Senior Engineer,15050,Nikolaos,Kruskal,1996-12-16,9999-01-01,46188
Senior Staff,15058,Bouchung,Bugrara,1998-06-18,9999-01-01,62294
Senior Engineer,15413,Arvin,Rabejac,2002-01-01,9999-01-01,40000
Senior Staff,16461,Remmert,Schahn,1994-09-06,9999-01-01,83638
Engineer,16528,Gaurav,Swick,2001-05-07,9999-01-01,49557
Senior Staff,17013,Morris,Garigliano,2000-05-23,9999-01-01,55776
Senior Engineer,17206,Berry,DeMori,1998-12-27,9999-01-01,40000
Senior Engineer,17369,Yaghout,Kenevan,1998-01-28,9999-01-01,40000
Staff,17447,Zengping,Boreale,1998-12-16,9999-01-01,65188
Engineer,17731,Gennady,Roison,1997-12-06,9999-01-01,68972
Technique Leader,17970,Filipp,Carrere,1989-01-09,9999-01-01,40000
Senior Engineer,17988,Mabhin,Calkin,1997-11-30,9999-01-01,52284
Senior Engineer,18021,Adil,Matzke,1995-05-08,9999-01-01,40000
Senior Engineer,18424,Filipp,Rousseau,2002-06-07,9999-01-01,40000
Staff,18583,Stafford,Honglei,1998-08-16,9999-01-01,40000
Senior Staff,18617,Surveyors,Crouzet,1998-04-24,9999-01-01,40000
Senior Engineer,18810,Taiji,Jarecki,1999-06-27,9999-01-01,40000
Senior Engineer,19236,Elzbieta,Morris,1993-07-12,9999-01-01,67760
Senior Staff,19350,Satoru,Yoshizawa,1999-03-27,9999-01-01,41182
Senior Engineer,19803,Ziva,Kowalchuk,1992-06-12,9999-01-01,71465
Senior Staff,20100,Utz,Heuter,1995-06-15,9999-01-01,64100
Senior Staff,20128,Kazunori,Peak,1999-08-13,9999-01-01,40000
Senior Engineer,20129,Rafael,Skafidas,2000-03-27,9999-01-01,53292
Staff,20248,Vidar,Demri,1999-12-31,9999-01-01,40000
Engineer,20313,Candida,Benveniste,1999-01-20,9999-01-01,40000
Senior Staff,20500,Christoph,Trystram,1998-10-15,9999-01-01,40000
Senior Engineer,20885,Otmar,Rothenberg,1996-03-14,9999-01-01,59704
Engineer,21181,Jianhui,Cangellaris,1999-10-06,9999-01-01,60114
Engineer,21188,Piyush,Danecki,2000-01-08,9999-01-01,40000
Senior Staff,21546,Yongmin,Lanteri,1988-02-16,9999-01-01,75391
Senior Engineer,21843,Karsten,Azadmanesh,1985-11-29,9999-01-01,52216
Senior Staff,21909,Mohammed,Brizzi,1998-12-28,9999-01-01,60302
Engineer,22185,Huai,Birch,2002-03-26,9999-01-01,40000
Senior Staff,22415,Perla,Jumpertz,1994-08-24,9999-01-01,69277
Senior Staff,22451,Jasminko,Bresenham,1996-12-15,9999-01-01,40000
Senior Staff,22455,Barry,Unno,1999-11-16,9999-01-01,69644
Senior Engineer,22926,Manibrata,Genther,1996-01-15,9999-01-01,56184
Technique Leader,23396,Hilari,Fairtlough,1986-12-15,9999-01-01,55806
Technique Leader,24080,Jaana,Perez,1996-03-11,9999-01-01,47203
Senior Engineer,24205,Roddy,Rubsam,1993-09-19,9999-01-01,49424
Senior Engineer,24377,Lubomir,Wroclawski,2000-07-25,9999-01-01,42900
Staff,24394,Zhonghui,Conta,1994-09-10,9999-01-01,55035
Senior Staff,24553,Anwar,Passafiume,1994-01-30,9999-01-01,58459
Senior Engineer,24571,Cordelia,Gischer,1995-03-14,9999-01-01,40000
Senior Staff,25488,Ingmar,Basawa,1997-11-08,9999-01-01,40851
Senior Staff,26629,Nevin,Rodham,1998-12-14,9999-01-01,50836
Senior Engineer,26671,Jiakeng,Kalorkoti,2001-12-25,9999-01-01,68039
Senior Engineer,26788,Zongyan,Dalphin,1993-04-23,9999-01-01,40000
Senior Staff,27331,Wanqing,Krohm,1999-01-22,9999-01-01,40000
Senior Staff,27378,Piyawadee,Leppanen,1999-02-25,9999-01-01,48227
Senior Engineer,27620,Shuji,Kandlur,1997-03-02,9999-01-01,40000
Senior Staff,27686,Manu,Rosiles,1998-03-03,9999-01-01,62592
Engineer,27699,Falguni,Pezzoli,1996-12-23,9999-01-01,67505
Senior Staff,27767,Tooru,Veldwijk,2000-11-21,9999-01-01,40000
Senior Engineer,28193,Xinglin,Mitsuhashi,1997-12-14,9999-01-01,40490
Senior Engineer,28974,Chenxi,Sundgren,1986-09-02,9999-01-01,40000
Technique Leader,28988,Tua,Giveon,1998-09-09,9999-01-01,47185
Staff,29130,Xumin,Thorensen,1998-04-26,9999-01-01,67033
Senior Staff,29265,Gilbert,Calkin,1994-03-21,9999-01-01,40000
Assistant Engineer,29380,Satoru,Vidal,1998-05-02,9999-01-01,48212
Assistant Engineer,29418,Valery,Mersereau,1998-07-01,9999-01-01,57496
Senior Engineer,29679,Kolar,Steenbeek,1986-10-18,9999-01-01,44381
Senior Engineer,29782,Jouko,Hellwagner,1994-12-21,9999-01-01,45222
Senior Engineer,29954,Pranay,Giarratana,1992-09-29,9999-01-01,40000
Senior Engineer,30007,Kousuke,Vecchio,1999-02-23,9999-01-01,56378
Senior Staff,30035,Tetsushi,Conta,1995-07-04,9999-01-01,45843
Technique Leader,30154,Mayuko,Skafidas,1999-04-19,9999-01-01,40000
Senior Engineer,30182,Leon,Potthoff,1993-12-08,9999-01-01,61572
Senior Engineer,30465,Randi,Avouris,1991-07-16,9999-01-01,41895
Staff,30484,Sailaja,Chvatal,1999-05-18,9999-01-01,62692
Senior Engineer,30695,Gudjon,Majewski,1999-10-26,9999-01-01,42052
Senior Staff,30938,Yakkov,Samarati,2000-05-22,9999-01-01,43593
Senior Staff,31147,Divine,Sidhu,1989-07-05,9999-01-01,54305
Technique Leader,31188,Leandro,Gist,1993-02-03,9999-01-01,40000
Senior Engineer,31207,Abdelwaheb,Dulin,1993-08-05,9999-01-01,40000
Senior Staff,31341,Oksana,Zultner,1997-03-22,9999-01-01,53219
Senior Engineer,31514,Harngdar,Schapire,2001-11-09,9999-01-01,62415
Staff,31568,Mark,Lalonde,1996-11-24,9999-01-01,67061
Engineer,31909,Murthy,Peek,1994-07-19,9999-01-01,46224
Senior Staff,32347,Terresa,Peres,1997-09-15,9999-01-01,66965
Engineer,32552,Atreye,Stanger,1999-09-10,9999-01-01,50710
Senior Staff,32649,Ingmar,Nannarelli,1988-06-10,9999-01-01,51124
Staff,32714,Radoslaw,Maliniak,1997-11-17,9999-01-01,82622
Engineer,32844,Tadahiko,Melton,1995-01-07,9999-01-01,48091
Senior Staff,33025,Jessie,Thorelli,1999-12-16,9999-01-01,40000
Technique Leader,33215,Steen,Fasbender,1993-02-14,9999-01-01,48797
Senior Engineer,33722,Anwar,Collette,1994-03-22,9999-01-01,40000
Senior Staff,34077,Angel,Sichman,1997-11-16,9999-01-01,50005
Senior Staff,34261,Kyoichi,Callaway,1996-12-29,9999-01-01,40000
Senior Engineer,34446,Chinhyun,Bauknecht,1986-12-19,9999-01-01,40000
Senior Engineer,34452,Naftaly,Foong,2000-05-09,9999-01-01,50679
Senior Staff,34505,Felicidad,Kumaresan,2001-09-06,9999-01-01,87384
Senior Engineer,34533,Erzsebet,Shigei,1991-01-21,9999-01-01,40829
Staff,34780,Moni,Kohling,1994-07-21,9999-01-01,64125
Senior Engineer,34788,Ennio,Babu,1994-08-31,9999-01-01,58068
Technique Leader,34936,Bokyung,Stamatiou,1991-02-12,9999-01-01,65899
Senior Engineer,35044,Jiang,Waschkowski,1997-05-27,9999-01-01,52310
Senior Staff,35087,Leif,Ashish,2001-10-14,9999-01-01,40000
Senior Engineer,35441,Chandrasekaran,Peek,1993-02-06,9999-01-01,48152
Senior Engineer,35642,Ashish,Talmon,2002-06-13,9999-01-01,40000
Senior Staff,35793,Oscar,Kusalik,1996-05-10,9999-01-01,56473
Senior Engineer,35798,Ulf,Oberman,1997-03-15,9999-01-01,41160
Senior Staff,36521,Serif,Gladwell,1993-03-05,9999-01-01,57111
Senior Staff,36626,Fen,Genin,1986-05-09,9999-01-01,48437
Staff,36733,Uma,Reinhard,1997-11-01,9999-01-01,40000
Staff,36844,Hailing,Levergood,2000-01-12,9999-01-01,57007
Senior Engineer,36982,Kotesh,Rajala,2000-06-23,9999-01-01,40000
Senior Staff,37070,Jeong,Undy,1993-02-13,9999-01-01,43215
Senior Engineer,37945,Suzette,Butterworth,1994-02-19,9999-01-01,40000
Senior Engineer,38043,Michaela,Randi,1994-11-23,9999-01-01,49927
Senior Engineer,38103,Masasuke,Babu,1993-03-31,9999-01-01,48383
Senior Staff,38168,Fumiko,Deverell,1996-08-14,9999-01-01,40000
Senior Engineer,38550,JoAnne,Baez,1987-02-16,9999-01-01,40000
Senior Engineer,38593,Huei,Orsini,1995-06-04,9999-01-01,60124
Senior Staff,38947,Shuichi,Ruemmler,1998-03-08,9999-01-01,40000
Senior Staff,39000,Martijn,Vendrig,2002-03-03,9999-01-01,48649
Staff,39036,Changho,Cappelli,1996-05-04,9999-01-01,40000
Senior Staff,39301,Rimon,Kawashima,1998-02-05,9999-01-01,40000
Senior Engineer,39341,Mahmut,Lampe,1994-05-11,9999-01-01,50645
Staff,39952,Otmar,Sudbeck,1998-07-22,9999-01-01,80468
Senior Staff,40269,Toshiki,Ghazalie,2000-12-04,9999-01-01,70370
Senior Engineer,40283,Sudhanshu,Boissier,1993-05-11,9999-01-01,40000
Senior Engineer,40301,Spyrose,Felder,1996-06-16,9999-01-01,40000
Senior Engineer,40536,Harngdar,Bernardinello,1996-02-29,9999-01-01,49948
Senior Staff,40765,Michaela,Ramsak,2001-12-21,9999-01-01,51758
Senior Staff,40773,Shimshon,Aingworth,1991-04-13,9999-01-01,40000
Technique Leader,40983,Marla,Cherinka,1986-12-01,9999-01-01,40000
Technique Leader,41114,Petter,Thummel,1995-12-24,9999-01-01,60729
Senior Staff,41137,Bikash,Buchter,1992-11-22,9999-01-01,71921
Engineer,41357,Willard,Vernadat,1997-03-04,9999-01-01,59086
Senior Engineer,41518,Keung,Schapiro,1998-04-19,9999-01-01,47399
Senior Engineer,41520,Xiong,Uhrik,1988-03-21,9999-01-01,44818
Senior Staff,41609,Yucai,Simmen,1987-10-13,9999-01-01,60396
Senior Staff,42778,Shuji,Remmers,1996-12-17,9999-01-01,40000
Senior Engineer,42911,Brigham,Eterovic,1999-10-08,9999-01-01,40181
Senior Staff,42950,Shaleah,Eickenmeyer,1993-10-09,9999-01-01,40000
Engineer,42955,Yucel,Lortz,1995-02-21,9999-01-01,40000
Senior Staff,43154,Maha,Waterhouse,2002-07-04,9999-01-01,69813
Senior Staff,43733,Huei,Boguraev,1998-12-31,9999-01-01,40000
Engineer,43848,Phillip,Oxenboll,1999-05-26,9999-01-01,40000
Engineer,44054,Alenka,Ritcey,1997-02-09,9999-01-01,40000
Engineer,44265,Maria,Eppinger,1997-01-30,9999-01-01,52444
Senior Engineer,44540,Mingzeng,Sadowski,1989-11-12,9999-01-01,40000
Senior Staff,44900,Mark,Schwaller,2001-08-10,9999-01-01,47805
Senior Engineer,44959,Volkmar,Uhrik,1995-01-16,9999-01-01,60432
Assistant Engineer,44962,Sariel,Wynblatt,1996-05-18,9999-01-01,40000
Senior Engineer,45162,Dulce,Speel,1996-10-18,9999-01-01,58610
Senior Staff,46000,Zhaofang,Penn,2002-07-24,9999-01-01,40000
Senior Staff,46328,Wuxu,Trogemann,1997-01-27,9999-01-01,76950
Senior Engineer,46811,Junsik,Berendt,1988-04-27,9999-01-01,52228
Senior Staff,46834,Tooru,Daescu,1998-03-20,9999-01-01,82569
Senior Engineer,46943,Pasqua,Maraist,1998-12-06,9999-01-01,46091
Senior Staff,47016,Toong,Litecky,1994-03-01,9999-01-01,58961
Engineer,47139,Marco,Usdin,1996-10-29,9999-01-01,67283
Senior Engineer,47262,Gonzalo,Binkley,1990-08-16,9999-01-01,40000
Senior Engineer,47515,Naraig,Jenevein,1987-01-18,9999-01-01,50098
Senior Staff,47702,Juyoung,Vieri,1999-08-12,9999-01-01,84625
Senior Staff,47708,Edwin,Haldar,1995-07-12,9999-01-01,76137
Senior Staff,48275,Sariel,Massonet,1993-11-19,9999-01-01,67799
Staff,48690,Hitomi,Schaap,1999-09-27,9999-01-01,47581
Senior Engineer,48882,Leen,Lamparter,2001-06-07,9999-01-01,40000
Senior Staff,48904,Yuichiro,Malabarba,1999-03-07,9999-01-01,58807
Senior Staff,48947,Filipp,Akaboshi,1992-05-20,9999-01-01,57836
Senior Staff,49010,Kazuhisa,Benantar,1994-10-23,9999-01-01,63422
Senior Engineer,49017,Filipp,Flanders,1999-11-26,9999-01-01,46622
Senior Engineer,49119,Lena,Peek,1997-05-15,9999-01-01,55051
Engineer,49177,Tze,Bach,1999-03-09,9999-01-01,44995
Staff,49464,Siddarth,Cappelletti,1999-09-10,9999-01-01,73678
Senior Staff,49477,Baocai,Leaver,1998-08-05,9999-01-01,40000
Engineer,50293,Xinan,Rindone,1996-10-08,9999-01-01,40000
Senior Engineer,50311,Mooi,Stafford,1996-10-06,9999-01-01,40000
Staff,50453,Aron,Harbusch,1997-10-02,9999-01-01,79402
Senior Staff,50670,Boguslaw,Snedden,1993-02-20,9999-01-01,64895
Senior Engineer,50831,Marie,Khalid,1990-10-27,9999-01-01,52845
Staff,51036,Chriss,Fasbender,1995-05-23,9999-01-01,55121
Senior Staff,51057,Theirry,Albarhamtoshy,1996-09-26,9999-01-01,58337
Senior Engineer,51060,Youngkon,Rohrbach,1998-10-20,9999-01-01,42308
Senior Engineer,51142,Rosine,Lakshmanan,1991-01-31,9999-01-01,46516
Senior Engineer,52038,Chikako,Armand,1985-05-18,9999-01-01,52102
Senior Staff,52040,Phule,Heijenga,1998-02-21,9999-01-01,40000
Senior Staff,52283,Trygve,Krupka,2001-03-11,9999-01-01,44232
Senior Staff,52386,Adas,Denti,1995-05-30,9999-01-01,65342
Senior Staff,52590,Jouni,Munoz,2000-11-25,9999-01-01,45171
Senior Engineer,52599,Augustine,Mungall,1996-08-30,9999-01-01,48897
Senior Staff,52639,Arup,Colorni,1996-02-05,9999-01-01,69976
Senior Staff,52770,Shugo,Yurek,1998-08-28,9999-01-01,65588
Technique Leader,52778,Alain,Penn,1986-05-03,9999-01-01,46041
Senior Engineer,52956,Khalil,Picci,1992-03-20,9999-01-01,40000
Senior Engineer,52970,Lobel,Werthner,1997-03-17,9999-01-01,47552
Senior Staff,53278,Premsyl,Lortz,1999-02-01,9999-01-01,67503
Staff,53314,Eberhardt,Carrera,1999-02-23,9999-01-01,40000
Senior Staff,53431,Sham,Vasanthakumar,1985-10-24,9999-01-01,60379
Senior Engineer,53499,Zdislav,Mandelberg,2000-09-10,9999-01-01,40000
Senior Engineer,53597,Jiafu,Marchegay,1992-03-02,9999-01-01,41626
Senior Staff,53874,Bodo,Schade,1995-02-14,9999-01-01,51955
Senior Engineer,53924,Arnould,Gaughan,1998-01-23,9999-01-01,40000
Senior Engineer,54198,Shaowen,Segond,1993-01-06,9999-01-01,40000
Senior Staff,54632,Etsuo,Serot,1997-06-14,9999-01-01,43788
Senior Staff,54795,Sumant,Nergos,2000-05-07,9999-01-01,40000
Staff,54800,Breannda,Cangellaris,2000-01-27,9999-01-01,74827
Senior Engineer,55640,Adit,Syrotiuk,1999-07-16,9999-01-01,40000
Senior Engineer,55687,Shih,Lindqvist,1995-03-29,9999-01-01,40000
Senior Engineer,55799,Jianwen,Litzler,1993-06-16,9999-01-01,61980
Senior Staff,55857,Adin,Scallan,1996-09-14,9999-01-01,70416
Senior Engineer,56105,Makato,Remmers,1994-04-16,9999-01-01,40000
Senior Engineer,56209,Remzi,Douceur,1998-12-01,9999-01-01,54373
Senior Staff,56415,Sigeru,Nivat,1999-10-24,9999-01-01,51148
Senior Staff,56428,Olivera,Hanabata,1992-11-09,9999-01-01,43255
Assistant Engineer,56682,Roded,Picco,1993-11-06,9999-01-01,40000
Engineer,56829,Nagui,Gruenwald,1995-12-24,9999-01-01,40000
Senior Engineer,56847,Menkae,Chinin,1989-08-19,9999-01-01,44031
Senior Engineer,57934,Sanjoy,Boudaillier,1997-12-27,9999-01-01,82396
Staff,58141,Bezalel,Karner,1994-09-27,9999-01-01,46317
Senior Staff,58147,Shigenori,Sullins,1988-02-24,9999-01-01,55703
Senior Engineer,58384,Mariusz,Vural,2001-11-14,9999-01-01,40000
Engineer,58454,Ziya,Zambonelli,1999-06-29,9999-01-01,44411
Senior Staff,58497,Yechiam,Cairo,1996-07-12,9999-01-01,90613
Senior Staff,58819,Gennady,Liesche,1987-12-02,9999-01-01,71147
Engineer,58990,Palash,Trelles,1998-11-18,9999-01-01,47785
Technique Leader,59195,Ronnie,Pollock,1990-06-19,9999-01-01,50132
Staff,59640,Zita,Hiltgen,1999-01-26,9999-01-01,45566
Senior Staff,59869,Zsolt,Riefers,1994-09-25,9999-01-01,56247
Technique Leader,59966,Steen,Salvesen,1993-02-03,9999-01-01,40000
Engineer,60000,Heekeun,Emmart,2001-09-22,9999-01-01,60002
Senior Staff,60091,Surveyors,Bade,1996-04-10,9999-01-01,46436
Staff,60238,Erzsebet,Claffy,1997-03-03,9999-01-01,73612
Senior Engineer,60559,Jeanna,Stemann,1996-08-29,9999-01-01,41261
Senior Staff,60821,Moty,Mersereau,1999-09-03,9999-01-01,44481
Engineer,60845,Bedir,Siegrist,1997-05-13,9999-01-01,71431
Senior Engineer,60875,Rildo,Masaki,1997-01-14,9999-01-01,41164
Senior Staff,60959,Tetsushi,Sridhar,1997-01-12,9999-01-01,62352
Staff,61147,Leszek,Werthner,1999-03-03,9999-01-01,64737
Senior Engineer,61253,Cheong,Uhrik,2001-06-04,9999-01-01,40000
Senior Staff,61377,Dannz,Ohori,1994-01-17,9999-01-01,40000
Senior Engineer,61541,Kasidit,Papsdorf,1999-08-17,9999-01-01,49649
Engineer,61873,Woody,Rusmann,2002-02-26,9999-01-01,40000
Senior Engineer,62033,Heeju,Cappelli,1994-01-15,9999-01-01,69343
Senior Engineer,62046,Karlis,Nanard,2001-09-19,9999-01-01,54073
Engineer,62245,Adel,Bressoud,1995-08-30,9999-01-01,40000
Senior Engineer,63294,Tetsushi,Tanemo,2002-03-01,9999-01-01,40000
Senior Engineer,63419,Hiroyasu,Seuren,1989-03-05,9999-01-01,40000
Staff,63441,Hinrich,Scallan,1999-04-04,9999-01-01,40000
Senior Staff,63566,Heekeun,Slaats,1999-01-12,9999-01-01,40000
Senior Engineer,63631,Falguni,Cherinka,1986-09-08,9999-01-01,40000
Engineer,63706,Sedat,Itzigehl,1997-07-31,9999-01-01,46185
Senior Engineer,64023,Laurentiu,Benzmuller,1999-11-08,9999-01-01,45861
Senior Staff,64209,Golgen,Schoegge,1988-02-26,9999-01-01,40000
Senior Engineer,64487,Tsutomu,Rebaine,1994-09-17,9999-01-01,42874
Senior Engineer,64532,Atilio,Segond,1996-11-28,9999-01-01,76024
Senior Staff,64632,Zsolt,Brender,1996-02-21,9999-01-01,74384
Senior Engineer,64790,Shin,Piveteau,1993-04-19,9999-01-01,59783
Staff,64828,Krister,Pappas,1999-09-30,9999-01-01,61091
Senior Engineer,64984,Eldridge,Eldridge,1991-06-24,9999-01-01,40000
Technique Leader,65171,Jeane,Tasistro,1994-07-06,9999-01-01,71349
Senior Engineer,65539,Aksel,Picaronny,1998-01-27,9999-01-01,60784
Senior Staff,65883,Patricia,Pepe,1996-04-18,9999-01-01,93721
Senior Staff,65998,Mandell,Alameldin,1996-04-08,9999-01-01,85937
Engineer,66382,Domenico,Candan,1997-07-13,9999-01-01,55428
Staff,66530,Dung,Leaver,1998-04-04,9999-01-01,40000
Engineer,66643,Jianhao,Tomescu,1996-08-26,9999-01-01,41133
Senior Engineer,66702,Deniz,Thibadeau,2000-09-26,9999-01-01,52161
Staff,66757,Yonghong,Baig,1999-04-10,9999-01-01,46812
Senior Engineer,66807,Aiman,Rosaz,1999-05-22,9999-01-01,50982
Senior Staff,67320,Sadok,Lorys,1987-05-10,9999-01-01,89952
Staff,67548,Fumitaka,Roohalamini,1998-06-27,9999-01-01,40000
Senior Engineer,67934,Aiman,Gargeya,1993-03-07,9999-01-01,54347
Senior Engineer,68416,Munenori,Debuse,1990-11-08,9999-01-01,54132
Senior Engineer,68608,Yucai,Seghrouchni,1994-06-09,9999-01-01,47652
Senior Engineer,68633,Chinhyun,Rassart,1993-07-29,9999-01-01,60777
Technique Leader,68648,Jaques,DiGiano,1992-04-01,9999-01-01,55150
Senior Staff,69052,Shietung,Shrader,1995-08-05,9999-01-01,42091
Senior Staff,69219,Shuky,Redmiles,1994-07-06,9999-01-01,75769
Senior Staff,69867,Miyeon,Rothe,1997-04-08,9999-01-01,82080
Engineer,69878,Chinya,Cooke,1997-01-29,9999-01-01,46063
Assistant Engineer,69936,Lalit,Unni,1998-12-06,9999-01-01,50124
Senior Staff,70469,Tru,Miyakawa,1998-09-03,9999-01-01,49746
Senior Engineer,70990,Arumugam,Nitta,1990-03-23,9999-01-01,56701
Senior Staff,71066,Domenick,Basart,2001-01-04,9999-01-01,78430
Senior Staff,71141,Sajjad,Vitiello,1997-02-16,9999-01-01,40000
Senior Staff,71188,Pranjal,Schapiro,1993-12-14,9999-01-01,64557
Senior Engineer,71243,Kinh,Buchter,1993-03-29,9999-01-01,51345
Senior Engineer,71334,Cathie,Peck,1998-04-12,9999-01-01,40000
Senior Engineer,71685,Kristinn,Olano,1989-10-03,9999-01-01,40000
Assistant Engineer,71710,Hitomi,Takanami,1997-12-15,9999-01-01,43204
Engineer,71745,Adil,Laventhal,2001-05-13,9999-01-01,40000
Engineer,72190,Sajjad,Waeselynck,1999-09-13,9999-01-01,43105
Senior Engineer,72194,Feiyu,Siepmann,1998-10-01,9999-01-01,70267
Senior Engineer,72232,Naraig,Veldwijk,1996-07-10,9999-01-01,61027
Senior Engineer,72640,Honglan,Hutton,1998-10-04,9999-01-01,40000
Senior Staff,72918,Takahira,Szilard,1993-01-15,9999-01-01,73810
Senior Engineer,73076,Froduald,Feldhoffer,1993-03-16,9999-01-01,44141
Senior Engineer,73233,Shigeo,Merey,1985-07-30,9999-01-01,43651
Senior Engineer,73516,Qingxiang,Badache,1996-06-25,9999-01-01,40000
Engineer,73743,Anneke,Bernardeschi,1999-11-01,9999-01-01,40000
Senior Engineer,74200,Holgard,Weiland,1991-09-24,9999-01-01,40000
Engineer,74344,Hiroyasu,Provine,1994-11-25,9999-01-01,40000
Senior Staff,74668,Masako,Bonifati,1987-04-09,9999-01-01,56031
Senior Engineer,74800,Yuuichi,Conde,1999-03-08,9999-01-01,40000
Senior Engineer,75354,Shuky,Jakobus,1993-06-16,9999-01-01,40000
Senior Engineer,75703,Kyoichi,Erman,2001-07-25,9999-01-01,40000
Senior Engineer,76189,Kolar,Hinsberger,1994-10-20,9999-01-01,47490
Senior Engineer,76201,Arif,Preusig,1992-04-02,9999-01-01,45799
Senior Engineer,76640,Tristan,Mitsuhashi,2000-07-12,9999-01-01,40000
Technique Leader,77030,Faiza,Garnham,1986-03-02,9999-01-01,47503
Senior Staff,77303,Xinglin,Birge,2001-03-05,9999-01-01,48808
Technique Leader,77647,Niranjan,Schaaf,1989-11-05,9999-01-01,42981
Engineer,77815,Ronghao,Picaronny,2002-06-09,9999-01-01,46164
Senior Staff,78106,Ashish,Ratnaker,1986-11-10,9999-01-01,73059
Engineer,78363,Susumu,Fritzsche,1998-06-23,9999-01-01,40030
Staff,78469,Leucio,Cappelli,1997-08-22,9999-01-01,40000
Senior Engineer,78871,Conor,Ghandeharizadeh,1985-05-25,9999-01-01,63067
Technique Leader,79043,Katsuo,Hockney,1999-11-07,9999-01-01,62200
Senior Engineer,79171,Guiseppe,Ellozy,1991-01-12,9999-01-01,44193
Senior Staff,79310,Jeong,Cunliffe,1996-10-27,9999-01-01,43707
Senior Engineer,79606,Arnd,Peir,1986-12-11,9999-01-01,50381
Senior Staff,79763,Sanjoy,Barreiro,1996-04-09,9999-01-01,80428
Senior Staff,79895,Fei,Murtagh,1986-01-19,9999-01-01,51534
Senior Staff,80067,Kazuhisa,Weiland,1991-11-09,9999-01-01,40000
Staff,80203,Shakhar,Baik,1993-12-01,9999-01-01,41466
Senior Staff,80432,Stella,Figueira,1998-03-14,9999-01-01,56584
Senior Staff,80731,Shaowen,Eldridge,1994-12-05,9999-01-01,54475
Senior Engineer,80850,Koldo,Luit,2001-04-15,9999-01-01,55815
Senior Engineer,80889,Shigeo,Linnainmaa,1985-07-30,9999-01-01,60339
Senior Engineer,80948,Harjit,Bardell,1996-05-23,9999-01-01,40000
Senior Engineer,81105,Jaewon,Boissier,1998-05-24,9999-01-01,51686
Technique Leader,81545,Larisa,Kornyak,1996-03-10,9999-01-01,40000
Staff,81644,Divine,Ghandeharizadeh,1997-11-28,9999-01-01,96620
Senior Engineer,81995,Sreekrishna,Brender,1996-03-21,9999-01-01,41280
Senior Engineer,82069,Yechezkel,Perfilyeva,2000-11-02,9999-01-01,40000
Senior Engineer,82098,Poornachandra,Wilharm,1998-04-20,9999-01-01,65236
Senior Staff,82351,Stevo,Thambidurai,1989-10-27,9999-01-01,40000
Engineer,82511,Uwe,Koblick,1998-04-04,9999-01-01,40000
Engineer,82919,Shigeu,Claffy,1998-02-03,9999-01-01,40000
Senior Engineer,82928,Alselm,Rikino,1997-11-16,9999-01-01,60112
Senior Engineer,83280,Francesca,Ellozy,1999-08-08,9999-01-01,53451
Senior Engineer,83289,Shigeichiro,Engelmann,2000-01-09,9999-01-01,40000
Senior Engineer,83509,Breannda,Collavizza,1994-10-12,9999-01-01,40000
Senior Staff,83544,Leaf,Baak,2001-09-05,9999-01-01,64345
Senior Engineer,83714,Ohad,Kilgore,1997-07-01,9999-01-01,43736
Senior Engineer,83805,Manohar,Harllee,1987-03-11,9999-01-01,81354
Senior Staff,83941,Zsolt,Hagimont,2001-10-08,9999-01-01,40000
Staff,84029,Babette,Eugenio,1997-09-21,9999-01-01,40000
Senior Engineer,84179,Shuichi,Nanard,1989-03-14,9999-01-01,40000
Senior Staff,84236,Eberhardt,Barriga,1993-06-03,9999-01-01,79481
Assistant Engineer,84315,Kristina,Baumann,1996-09-26,9999-01-01,40000
Senior Engineer,84451,Shiv,Aumann,1998-06-14,9999-01-01,52930
Engineer,84508,Tommaso,Vidya,1998-05-02,9999-01-01,40000
Staff,84840,Sverrir,Neimat,1996-11-03,9999-01-01,40000
Engineer,84922,Parke,Unno,1996-07-01,9999-01-01,40000
Technique Leader,84942,Shin,Fujisaki,1988-02-23,9999-01-01,40000
Senior Staff,85216,Ferdinand,Rosiles,1997-07-08,9999-01-01,50873
Senior Engineer,85288,Younwoo,Luders,2002-03-31,9999-01-01,59922
Staff,85414,Chiradeep,Callaway,1999-07-30,9999-01-01,46065
Staff,85445,Yongdong,Pollock,1998-03-17,9999-01-01,64616
Engineer,85702,Udi,Merks,1997-08-15,9999-01-01,46279
Senior Staff,85874,Pasqua,Taubman,1986-06-23,9999-01-01,45034
Senior Staff,86213,Kristine,Clemencon,1996-04-21,9999-01-01,58095
Senior Engineer,86354,Ronghao,Segond,1993-09-13,9999-01-01,66984
Senior Staff,86422,Jaewon,Thummel,1992-09-14,9999-01-01,40000
Senior Engineer,86546,Oldrich,Woycyznski,1990-05-15,9999-01-01,40000
Engineer,86655,Zhenhua,Lorys,1995-08-21,9999-01-01,42987
Staff,86672,JoAnne,Anido,1995-09-15,9999-01-01,40000
Staff,87129,Keung,Neiman,1997-04-13,9999-01-01,63824
Senior Engineer,87353,Quingbo,Coombs,1999-01-17,9999-01-01,54168
Engineer,87714,Khun,Janetzko,1998-09-13,9999-01-01,40000
Senior Staff,87729,Yongmin,Roccetti,1991-12-10,9999-01-01,40000
Senior Engineer,87783,Conor,Thorensen,1988-02-24,9999-01-01,61557
Senior Staff,88103,Goo,Bresenham,1999-01-31,9999-01-01,81862
Engineer,88411,Lena,Cannane,2000-01-28,9999-01-01,40000
Technique Leader,88422,Jungsoon,Birsak,1985-04-03,9999-01-01,67886
Engineer,88647,Vasiliy,Ratnaker,1995-08-09,9999-01-01,47900
Senior Staff,88958,Vojin,Coombs,2002-07-23,9999-01-01,68392
Engineer,88965,Mang,Hedayat,1995-05-22,9999-01-01,45594
Senior Engineer,89048,Otmar,Birjandi,1992-03-23,9999-01-01,60750
Senior Staff,89090,Tetsushi,Theuretzbacher,1995-02-01,9999-01-01,47091
Senior Staff,89161,Conal,Yetto,1999-01-12,9999-01-01,40000
Senior Staff,89207,Along,Erol,1999-10-17,9999-01-01,40000
Engineer,89346,Mansur,Comyn,1999-08-31,9999-01-01,45781
Senior Staff,89590,Guther,Rothenberg,2000-08-07,9999-01-01,67868
Staff,89664,Pranjal,Rossi,1998-07-07,9999-01-01,59064
Senior Engineer,89680,Aiman,Mawatari,1997-05-01,9999-01-01,40000
Senior Engineer,89806,Xiadong,Shinomoto,2002-05-24,9999-01-01,40000
Senior Engineer,89922,Alexius,Ibel,1993-04-24,9999-01-01,62911
Senior Staff,89941,Arnould,Weedman,1989-07-28,9999-01-01,55028
Engineer,90077,Vivian,Guerreiro,1998-07-08,9999-01-01,45948
Senior Engineer,90084,Renny,Bale,1996-11-22,9999-01-01,45685
Engineer,90211,Bader,Denis,1997-10-06,9999-01-01,40000
Senior Engineer,90292,Koichi,Assaf,1998-05-26,9999-01-01,40491
Senior Staff,90518,Fumiko,Chepyzhov,1997-01-27,9999-01-01,42375
Engineer,90614,Yonghoan,Trogemann,1997-09-23,9999-01-01,44589
Senior Staff,90692,Rajmohan,DasSarma,1990-09-14,9999-01-01,40000
Senior Staff,91172,Kazuhisa,Melter,1993-07-15,9999-01-01,40000
Senior Engineer,91182,Lucien,Schwartzburd,1994-08-25,9999-01-01,44702
Senior Engineer,91229,Yahiko,Hebden,2001-10-03,9999-01-01,40000
Staff,91256,Gunilla,Milicic,1998-01-09,9999-01-01,81518
Staff,91333,Lobel,Stafford,1998-11-29,9999-01-01,54313
Senior Staff,91415,Jamaludin,Nilsson,1994-01-15,9999-01-01,50426
Senior Staff,91648,Dmitry,Msuda,1997-10-22,9999-01-01,84094
Senior Engineer,92438,Aria,Kilgore,1996-02-28,9999-01-01,54543
Senior Engineer,92454,Visit,McFarlan,1996-10-21,9999-01-01,40000
Assistant Engineer,92577,Zhanqiu,Farrow,1999-01-10,9999-01-01,40000
Assistant Engineer,92598,Ranga,Merro,1996-05-11,9999-01-01,56144
Senior Staff,92685,Mang,Atchley,1995-06-07,9999-01-01,55634
Senior Staff,92841,Claude,Candan,1993-08-04,9999-01-01,78441
Senior Staff,92846,Anyuan,Kropatsch,1993-09-05,9999-01-01,44033
Senior Engineer,92920,Huei,Hutter,2000-01-29,9999-01-01,40000
Senior Engineer,93040,Jaques,Kabayashi,1992-03-13,9999-01-01,56125
Senior Engineer,93220,Richara,Walston,1996-08-27,9999-01-01,47553
Senior Engineer,93278,Magdalena,Penn,2002-01-04,9999-01-01,49314
Senior Staff,93549,Arie,Coullard,1998-04-15,9999-01-01,81468
Technique Leader,93600,Kristina,Neimat,1988-04-18,9999-01-01,40000
Technique Leader,94331,Ramzi,Cronau,1999-09-03,9999-01-01,40000
Senior Staff,94416,Aran,Cesareni,1990-02-10,9999-01-01,61048
Senior Engineer,94761,Hitofumi,Zaccaria,1997-11-22,9999-01-01,48772
Senior Engineer,94944,Heping,Matheson,1997-06-24,9999-01-01,57985
Staff,95181,Yishai,Cappelli,1997-01-30,9999-01-01,66810
Senior Engineer,95286,Kristin,Guerreiro,1997-08-23,9999-01-01,40000
Senior Staff,95314,Rasiah,Koblick,1999-08-21,9999-01-01,69833
Engineer,95406,Alair,Lyonns,1997-07-12,9999-01-01,40000
Engineer,95416,Gianluca,Ramaiah,1993-11-29,9999-01-01,51499
Engineer,95509,Kristinn,Loncour,1995-02-08,9999-01-01,40000
Senior Staff,95920,Nobuyoshi,Hegner,2001-09-07,9999-01-01,61744
Senior Engineer,96571,Kokou,Garrabrants,1997-11-05,9999-01-01,47390
Engineer,96579,Mohan,Tasistro,1996-02-10,9999-01-01,50866
Senior Engineer,96767,Arumugam,Vecchio,1992-08-14,9999-01-01,68591
Senior Engineer,97018,Jeanna,Chinen,1994-01-01,9999-01-01,44400
Senior Staff,97623,Haldon,Janetzko,1996-09-10,9999-01-01,45153
Senior Staff,97661,Avishai,Hegner,2002-05-08,9999-01-01,46725
Senior Staff,98288,Sumali,Huttel,1997-09-12,9999-01-01,43445
Senior Engineer,98306,Ziya,Kadhim,1995-11-02,9999-01-01,58503
Staff,98639,Florina,Assaf,1996-05-18,9999-01-01,40000
Staff,99057,Shugo,Reeken,1999-06-21,9999-01-01,40000
Senior Staff,99373,Xiaobin,Christianini,1991-12-25,9999-01-01,40000
Senior Engineer,99377,Carrsten,Francisci,1991-06-16,9999-01-01,51127
Staff,99590,Dhritiman,Anily,1998-12-16,9999-01-01,86023
Senior Staff,99654,Mahendra,Motley,1992-09-28,9999-01-01,58667
Senior Engineer,100865,Hisao,Peral,1998-10-03,9999-01-01,84451
Senior Engineer,100916,Heejo,Aamodt,2001-04-22,9999-01-01,58123
Senior Staff,101487,Abdelaziz,Sury,1999-01-31,9999-01-01,60348
Senior Staff,101647,Mori,Homond,2000-05-09,9999-01-01,69247
Senior Staff,101902,Mantis,Millington,1997-03-17,9999-01-01,58037
Engineer,102620,Adin,Templeman,1997-12-10,9999-01-01,45060
Senior Staff,103196,Djenana,Albarhamtoshy,1993-07-16,9999-01-01,40000
Senior Staff,103310,Visit,Swen,2000-10-01,9999-01-01,66244
Senior Engineer,103316,Susanne,Peternell,1999-07-27,9999-01-01,45189
Engineer,103342,Beshir,Hellwagner,1998-02-03,9999-01-01,40000
Engineer,103756,Heping,Halloran,2001-04-08,9999-01-01,40000
Senior Staff,104133,Pranjal,Zyda,1998-07-03,9999-01-01,92751
Senior Staff,104845,Werner,Lodder,1998-06-17,9999-01-01,54489
Senior Engineer,104988,Parviz,Litzler,1999-08-09,9999-01-01,71970
Technique Leader,105342,Kwun,Reeker,1999-07-29,9999-01-01,61529
Senior Engineer,105356,Diederik,Matzov,1996-05-12,9999-01-01,43737
Senior Engineer,105432,Mohamadou,Stafford,2000-09-11,9999-01-01,55985
Senior Staff,105520,Haldun,Lienhardt,1987-01-29,9999-01-01,71995
Engineer,105731,Sachem,Cromarty,1996-08-19,9999-01-01,48369
Senior Engineer,106096,Naftali,Schurmann,1999-12-03,9999-01-01,40000
Senior Staff,106242,Nevio,Thisen,1994-03-25,9999-01-01,40000
Senior Staff,106695,Lijie,Garrabrants,1990-10-02,9999-01-01,52364
Senior Staff,106710,Babette,Anandan,1993-11-22,9999-01-01,60537
Senior Engineer,107486,Siamak,Luiz,1987-02-11,9999-01-01,40000
Senior Engineer,107737,Fabrizio,Chleq,1999-07-31,9999-01-01,70367
Senior Staff,107792,Shahab,Crooks,2001-03-18,9999-01-01,80432
Senior Staff,107828,Ramya,Walston,1995-02-03,9999-01-01,78757
Senior Staff,108091,Hisao,Ghemri,1990-11-14,9999-01-01,56381
Senior Staff,108198,Randi,Samarati,1999-10-21,9999-01-01,42904
Senior Engineer,108316,Shai,Stellhorn,1992-05-21,9999-01-01,40000
Senior Staff,108988,Oksana,Baek,1997-07-20,9999-01-01,60335
Senior Engineer,109062,Jamaludin,Kandlur,1992-06-19,9999-01-01,45396
Senior Engineer,109211,Gor,Delgrande,2001-11-06,9999-01-01,40000
Technique Leader,109252,Moty,Winter,1991-04-28,9999-01-01,40000
Senior Staff,109278,Bangqing,Schach,1996-03-22,9999-01-01,57911
Engineer,109552,Menkae,Etalle,2002-05-21,9999-01-01,49886
Senior Staff,109598,Stamatina,Auyong,1988-07-05,9999-01-01,59483
Senior Staff,109620,Mani,Cannata,1995-06-21,9999-01-01,68293
Engineer,109703,Arco,Walston,1999-08-16,9999-01-01,46705
Senior Engineer,109741,Hatem,Fadgyas,1991-11-13,9999-01-01,40000
Senior Staff,109953,Godehard,Chorvat,1996-04-10,9999-01-01,56632
Senior Staff,200267,Chuanti,Luff,2000-09-20,9999-01-01,40000
Senior Engineer,200312,Akemi,Fujisaki,1998-06-25,9999-01-01,40000
Senior Engineer,200363,Kirk,Quaggetto,1995-06-30,9999-01-01,54013
Senior Staff,200735,Dinah,Denos,2001-09-21,9999-01-01,65769
Senior Staff,200789,Susumu,Camurati,1997-12-14,9999-01-01,65044
Staff,201229,Alejandra,Khasidashvili,1994-07-30,9999-01-01,49086
Senior Staff,201708,Anneli,Perl,2000-09-08,9999-01-01,40000
Senior Staff,201709,Fan,Kakkad,1993-02-24,9999-01-01,78121
Assistant Engineer,201739,Genta,Terekhov,1998-07-21,9999-01-01,57310
Senior Engineer,201801,Waiman,Genin,1995-10-30,9999-01-01,50795
Senior Engineer,201915,Sudharsan,DeMori,1997-03-30,9999-01-01,62133
Engineer,202291,Ortrun,Schmiedel,1997-07-18,9999-01-01,63773
Engineer,202403,Gully,Perko,1999-07-07,9999-01-01,40000
Senior Staff,202414,Zvonko,Murthy,1992-01-07,9999-01-01,50945
Senior Engineer,202552,Morris,Saoudi,1998-11-22,9999-01-01,40000
Senior Engineer,202826,Kerhong,Matzke,1993-11-14,9999-01-01,40000
Senior Engineer,202882,Isaac,Koshino,1995-09-28,9999-01-01,40000
Senior Staff,202950,Giordano,Pietrzykowski,1987-03-26,9999-01-01,40000
Senior Staff,203474,Hugh,Jonsson,1997-07-05,9999-01-01,71401
Technique Leader,203495,Zongyan,Gips,1997-05-31,9999-01-01,40000
Technique Leader,203599,Ewing,DiGiano,2000-02-01,9999-01-01,41382
Senior Staff,203720,Sasan,Thimonier,1996-08-21,9999-01-01,72078
Senior Staff,203946,Yefim,Marwedel,1999-03-30,9999-01-01,56594
Staff,204117,Jessie,Nooteboom,1999-08-13,9999-01-01,80942
Senior Staff,204133,Susuma,Bergere,1996-02-25,9999-01-01,56752
Senior Staff,204246,Arve,Worfolk,1990-04-01,9999-01-01,40000
Senior Engineer,204425,Gretta,Huttel,1990-10-08,9999-01-01,40000
Senior Staff,204470,Hein,Lichtner,2001-04-02,9999-01-01,55499
Senior Engineer,204471,Franziska,Maginnis,1992-02-17,9999-01-01,40000
Senior Engineer,204764,Susanne,Mandelberg,1996-11-01,9999-01-01,47854
Engineer,205018,Yahiko,Awdeh,1998-08-05,9999-01-01,55086
Technique Leader,205085,Moni,Kornyak,1991-09-26,9999-01-01,43219
Staff,205174,Leszek,Spinelli,1998-12-10,9999-01-01,55525
Senior Engineer,205500,Mary,Setiz,1989-01-13,9999-01-01,40000
Senior Engineer,205627,Stabislas,Broder,2001-07-16,9999-01-01,40000
Staff,205660,Kien,Barreiro,1997-08-25,9999-01-01,40000
Senior Staff,205699,Youjian,Yetto,2000-12-06,9999-01-01,55096
Senior Staff,205789,Limsoon,Skafidas,1999-08-10,9999-01-01,49886
Senior Engineer,205863,Aiichiro,Kusalik,1996-10-03,9999-01-01,48877
Staff,206748,Yucai,Fabrizio,1999-10-06,9999-01-01,62756
Senior Staff,206836,Guadalupe,Pfau,2001-03-22,9999-01-01,48691
Senior Engineer,206966,Tzu,Sichman,1992-11-16,9999-01-01,61861
Engineer,207021,Jacqueline,Akaboshi,1997-12-06,9999-01-01,46523
Senior Staff,207068,Zhiguo,Ariola,1994-09-07,9999-01-01,63190
Engineer,207204,Kellie,Schrooten,1999-01-17,9999-01-01,40000
Senior Staff,207401,Shuji,Barbanera,1993-08-09,9999-01-01,47070
Assistant Engineer,207551,Baziley,Falck,1995-02-18,9999-01-01,40000
Senior Staff,207779,Chinya,Kamble,1992-05-31,9999-01-01,48113
Senior Staff,207980,Remko,Vieth,1999-11-22,9999-01-01,40000
Senior Engineer,208147,Manu,Rothenberg,1995-12-07,9999-01-01,57788
Senior Staff,208330,Shen,Flanders,1997-07-03,9999-01-01,80127
Senior Staff,208639,Larisa,Lukaszewicz,1994-10-10,9999-01-01,64461
Senior Engineer,208653,Phillip,Schade,1998-03-03,9999-01-01,54926
Senior Engineer,208784,Pranjal,Juneja,1985-03-21,9999-01-01,40000
Senior Engineer,209101,Xinyu,Edelhoff,1997-10-26,9999-01-01,50790
Senior Staff,209443,Krassimir,Garnier,1998-01-26,9999-01-01,54723
Senior Staff,209565,Dante,Covnot,1998-05-28,9999-01-01,40000
Engineer,209712,Nimmagadda,Baak,1995-10-30,9999-01-01,65975
Senior Staff,210017,Shalesh,Lovengreen,1996-09-28,9999-01-01,40000
Staff,210292,Lihong,Zeilberger,1996-04-28,9999-01-01,42520
Engineer,210449,Gino,Lagarias,1997-06-22,9999-01-01,47376
Senior Staff,210752,Saniya,Stenning,1991-12-10,9999-01-01,47970
Staff,210786,Werner,Ranze,1998-06-05,9999-01-01,52846
Senior Engineer,211858,Domenico,Ratnaker,1993-03-24,9999-01-01,43498
Senior Engineer,211879,Gao,Ranze,1999-11-24,9999-01-01,40000
Senior Engineer,211967,Anwar,Bain,1998-01-22,9999-01-01,40704
Senior Staff,212093,Leni,Henders,1999-11-19,9999-01-01,40000
Senior Staff,212154,Sailaja,Holburn,1997-03-03,9999-01-01,41645
Senior Engineer,212361,Claudi,Stanfel,2001-01-06,9999-01-01,40000
Senior Engineer,213016,Yongmao,Fontan,1998-07-26,9999-01-01,40596
Staff,213140,Tru,Danecki,1997-03-31,9999-01-01,72365
Senior Engineer,213384,Pranas,Narwekar,1993-09-26,9999-01-01,41608
Senior Engineer,213447,Armond,Perly,1996-09-14,9999-01-01,57808
Senior Staff,214215,Xiaoqiang,Cardazo,1993-05-28,9999-01-01,90603
Senior Staff,214391,Rayond,Klassen,1999-09-11,9999-01-01,46462
Engineer,214427,Peer,Molberg,1996-11-17,9999-01-01,62160
Engineer,214539,Ingmar,Kohling,1995-04-25,9999-01-01,64488
Senior Engineer,214634,Shirish,Vickson,1997-10-24,9999-01-01,48826
Senior Engineer,214789,Arfst,Chepyzhov,1997-02-06,9999-01-01,40000
Senior Engineer,214866,Gopalakrishnan,Angel,2002-07-05,9999-01-01,40000
Engineer,214995,Dinkar,Hoppenstand,1994-05-04,9999-01-01,40000
Staff,215419,Flemming,Kroha,1995-01-23,9999-01-01,40000
Senior Staff,215629,Munehiro,Manders,1995-05-18,9999-01-01,40000
Staff,215746,Sven,Speer,1999-07-08,9999-01-01,79967
Senior Staff,215843,Pramod,Loncour,1993-03-30,9999-01-01,47164
Senior Staff,216054,Sahrah,Angiulli,1991-07-31,9999-01-01,40000
Senior Engineer,216342,Aiichiro,Cromarty,2000-06-09,9999-01-01,40000
Senior Engineer,216375,Byong,Gustavson,1985-03-12,9999-01-01,59674
Engineer,216502,Xiaocheng,Suermann,1997-12-15,9999-01-01,63256
Senior Engineer,216573,Ashish,Vidya,1995-06-16,9999-01-01,41448
Senior Staff,216921,Lena,Lenart,1995-12-25,9999-01-01,51601
Senior Staff,217026,Otmar,Engberts,1998-08-16,9999-01-01,51335
Senior Engineer,217080,Masami,Puoti,2000-01-21,9999-01-01,40000
Senior Staff,217272,Yuchang,Eldridge,1991-08-01,9999-01-01,56909
Technique Leader,217286,Yannik,Spelt,1992-09-22,9999-01-01,40000
Engineer,217320,Abdelwaheb,Denis,1993-09-10,9999-01-01,40000
Staff,217363,Horward,Marzano,1996-04-11,9999-01-01,74333
Senior Engineer,217387,Jianhao,Molenaar,1994-10-22,9999-01-01,40000
Senior Engineer,217551,Panayotis,Lukaszewicz,1995-06-06,9999-01-01,41730
Senior Staff,217800,Shay,Servieres,1998-08-06,9999-01-01,52924
Technique Leader,218022,Mokhtar,Poupard,1992-02-02,9999-01-01,46593
Senior Staff,218100,Jiong,Garnham,1999-01-02,9999-01-01,40000
Engineer,218831,Unal,DuBourdieux,1996-03-13,9999-01-01,99378
Technique Leader,219035,Kristine,Bierman,1988-05-13,9999-01-01,40000
Senior Engineer,219047,Aemilian,Kusalik,1995-05-27,9999-01-01,40000
Staff,219052,Marsal,Acton,1995-08-02,9999-01-01,62703
Staff,219417,Subhrajyoti,Denna,1996-07-25,9999-01-01,47152
Technique Leader,219497,Moie,Zastre,1991-10-11,9999-01-01,40929
Senior Staff,219967,Susanna,Reeken,1998-03-16,9999-01-01,47439
Senior Engineer,220029,Demos,Asser,1985-11-04,9999-01-01,43792
Senior Engineer,220131,Reinhard,Slaats,1999-06-08,9999-01-01,48012
Staff,220418,Poorav,Laventhal,1997-08-16,9999-01-01,73906
Senior Staff,220528,Sibyl,Rabehasaina,1998-02-23,9999-01-01,42934
Senior Staff,220582,Poornachandra,Zielinski,2001-02-12,9999-01-01,54228
Senior Staff,220611,Yuping,Babb,2002-01-31,9999-01-01,40000
Technique Leader,220625,Shigenori,Deville,1992-12-24,9999-01-01,40000
Staff,220699,Nahid,Gyimothy,1995-08-18,9999-01-01,40000
Senior Engineer,220799,Perla,Orlowska,1990-12-03,9999-01-01,51087
Senior Engineer,221126,Tesuya,dAstous,1995-11-30,9999-01-01,40000
Senior Staff,221367,Saddek,Farris,1990-11-06,9999-01-01,42249
Engineer,221369,Abdulah,Pocchiola,1996-08-28,9999-01-01,52230
Senior Engineer,221435,Djenana,Marrevee,2000-02-06,9999-01-01,68650
Senior Staff,221973,Sangeeta,Kalefeld,1996-06-05,9999-01-01,59010
Senior Staff,222206,Stein,Uludag,1995-01-30,9999-01-01,40000
Senior Engineer,222311,Miyeon,Billingsley,1992-12-05,9999-01-01,53877
Senior Engineer,222319,Matt,Chvatal,1994-11-09,9999-01-01,40000
Engineer,222354,Valdiodio,Schlumberger,2001-08-07,9999-01-01,40000
Assistant Engineer,222616,Badri,Schapire,1998-01-19,9999-01-01,40000
Senior Engineer,222770,Kazuhiko,Kushner,1995-08-01,9999-01-01,49344
Senior Engineer,222878,Annemarie,Zallocco,1996-05-27,9999-01-01,42172
Senior Engineer,222926,Limsoon,Erol,1997-12-31,9999-01-01,40000
Senior Engineer,222952,Gopalakrishnan,Suermann,1998-04-30,9999-01-01,51100
Senior Staff,222998,Leaf,Awdeh,1991-02-20,9999-01-01,51391
Staff,223593,Hidefumi,Moehrke,1998-03-04,9999-01-01,56912
Technique Leader,223595,Chiranjit,Dredge,1999-09-05,9999-01-01,44999
Engineer,224135,Annemarie,Bressoud,1998-06-23,9999-01-01,43178
Senior Engineer,224335,Perry,Chachaty,1992-07-22,9999-01-01,54702
Senior Staff,224390,True,Shobatake,1996-05-17,9999-01-01,40000
Senior Staff,224934,George,Miake,1996-01-02,9999-01-01,40000
Senior Staff,225438,Remmert,Quaggetto,1997-04-28,9999-01-01,78303
Engineer,225601,Masasuke,Genin,1999-06-25,9999-01-01,40000
Engineer,225788,Ipke,Kieras,1995-12-18,9999-01-01,40000
Senior Engineer,225867,Ramalingam,Remmele,1999-09-03,9999-01-01,40000
Senior Engineer,225964,Mooi,Cooman,1998-06-07,9999-01-01,52478
Technique Leader,226216,Giordano,Gini,1993-08-14,9999-01-01,40000
Senior Engineer,226227,Herbert,Erva,1995-09-06,9999-01-01,55409
Senior Engineer,227354,Gio,Murtha,1994-11-11,9999-01-01,49256
Senior Engineer,227476,Macha,Schnabel,1996-05-11,9999-01-01,73795
Staff,227681,Mikhail,Rousseau,1998-11-30,9999-01-01,45519
Staff,227899,Garnik,Luce,1998-09-15,9999-01-01,61605
Senior Staff,227901,Francesca,Azuma,2001-06-08,9999-01-01,40000
Engineer,228098,IEEE,Kroll,1997-05-10,9999-01-01,40000
Senior Staff,228248,Yuriy,Plump,1995-09-09,9999-01-01,54431
Senior Staff,228554,Bilhanan,Brendel,1990-12-23,9999-01-01,71741
Senior Engineer,228766,Nahla,Smailagic,1996-11-21,9999-01-01,86747
Senior Staff,229098,Berry,Yurek,1995-08-16,9999-01-01,41874
Senior Engineer,229220,Fabrizio,Lichtman,1992-02-09,9999-01-01,40000
Staff,229248,Harjit,Terekhov,1995-10-19,9999-01-01,40000
Technique Leader,229386,Pohua,Tasistro,1989-06-02,9999-01-01,60980
Senior Engineer,229391,Paloma,Henseler,1997-06-10,9999-01-01,50035
Staff,229404,Gilbert,Kilgour,1996-04-05,9999-01-01,55086
Senior Staff,229547,Moni,Schach,1991-07-04,9999-01-01,61762
Engineer,229727,Ewing,Millington,1999-09-28,9999-01-01,43638
Senior Engineer,229981,Jamaludin,Fordan,2001-02-05,9999-01-01,56315
Senior Engineer,230002,Tadahiro,Backhouse,1999-10-02,9999-01-01,84438
Senior Staff,230126,Bezalel,Radivojevic,1995-07-03,9999-01-01,40000
Assistant Engineer,230287,Renny,Alameldin,1997-09-28,9999-01-01,40000
Senior Staff,230354,Yinghua,Lorho,2000-08-08,9999-01-01,40000
Senior Engineer,230498,Kolar,Puppo,1998-04-25,9999-01-01,40000
Senior Staff,230579,Shahar,Negoita,2000-03-18,9999-01-01,60150
Senior Staff,230689,Dietrich,Crabtree,1986-05-24,9999-01-01,45823
Staff,230865,Takushi,Brattka,1999-03-09,9999-01-01,61136
Staff,231069,Trygve,Siksek,1995-11-09,9999-01-01,88709
Assistant Engineer,231459,Nectarios,Pramanik,1999-11-18,9999-01-01,55246
Staff,231671,Chandrasekaran,Pearson,1995-04-14,9999-01-01,40000
Senior Engineer,231798,Goetz,Alvarado,1997-12-25,9999-01-01,46062
Senior Staff,232178,Etsuo,Anandan,1996-12-13,9999-01-01,40000
Senior Engineer,232209,Nitsan,Rouquie,1995-08-02,9999-01-01,46339
Senior Engineer,232697,Barry,Ramsak,1999-09-07,9999-01-01,40000
Engineer,232723,Tesuya,Bugrara,2002-02-13,9999-01-01,40000
Senior Engineer,233114,Alselm,Gargeya,1987-12-25,9999-01-01,78365
Engineer,233394,Khalid,Lenart,1995-12-24,9999-01-01,40000
Senior Staff,233397,Fay,Sundgren,1998-07-07,9999-01-01,63272
Senior Engineer,233426,Etsuo,Usery,2000-03-01,9999-01-01,40990
Engineer,233690,Cedric,Riefers,1994-09-08,9999-01-01,47246
Engineer,233759,Zissis,Lodder,1999-09-25,9999-01-01,40000
Senior Engineer,233765,Kotesh,Chachaty,1997-03-24,9999-01-01,47195
Senior Staff,233785,Baziley,Ballarin,1995-07-28,9999-01-01,88012
Senior Engineer,233818,Kellie,Heydon,1991-11-11,9999-01-01,40000
Senior Staff,234195,Luerbio,Terkki,1998-05-14,9999-01-01,50836
Senior Engineer,234739,Foong,Aamodt,1986-06-28,9999-01-01,40000
Senior Staff,235017,Irena,Dratva,1999-09-07,9999-01-01,66452
Senior Staff,235096,Sverrir,Gyimothy,1992-03-20,9999-01-01,75886
Senior Engineer,235325,Gro,Prochazka,1998-10-16,9999-01-01,40000
Senior Engineer,235368,Anneli,Joslin,1987-04-12,9999-01-01,40000
Senior Staff,235458,Gio,Heuser,1999-06-29,9999-01-01,46139
Senior Staff,235729,Henk,Anger,2002-01-19,9999-01-01,52272
Senior Engineer,235780,Sampalli,Bergere,1994-04-08,9999-01-01,40000
Senior Engineer,235793,Jayesh,Spinelli,1992-07-18,9999-01-01,61027
Technique Leader,236315,IEEE,Raczkowsky,1996-07-24,9999-01-01,40000
Senior Staff,236566,Yechezkel,Maginnis,2000-12-11,9999-01-01,40000
Senior Staff,236591,Insup,Reinhard,1993-04-08,9999-01-01,63990
Senior Engineer,236827,Almudena,Rijckaert,1999-02-16,9999-01-01,40000
Staff,236883,Huan,Olivero,1999-11-19,9999-01-01,72410
Staff,236964,Adel,Foote,1998-08-19,9999-01-01,85659
Technique Leader,238112,Miomir,Frezza,1991-05-25,9999-01-01,40000
Staff,238252,Uno,Suppi,1996-12-27,9999-01-01,48008
Senior Staff,238422,Vishv,Angelov,1996-03-08,9999-01-01,40000
Senior Staff,238949,Minghong,Cronin,1987-10-04,9999-01-01,55007
Staff,239067,Tadahiko,Pocchiola,1996-04-02,9999-01-01,90988
Senior Staff,239244,Abdulla,Kitai,1996-02-20,9999-01-01,58738
Senior Engineer,239415,Susumu,Brender,2001-04-17,9999-01-01,48404
Engineer,239426,Vesna,Fairtlough,1994-08-09,9999-01-01,40000
Senior Engineer,239664,Sugwoo,Michaels,1999-08-03,9999-01-01,40000
Assistant Engineer,239706,Arunas,Bugrara,1997-04-03,9999-01-01,58498
Senior Staff,239748,Bilhanan,Dusink,1996-06-04,9999-01-01,69092
Senior Staff,239803,Oscal,Ernst,1997-05-19,9999-01-01,40000
Senior Staff,240132,Mizuhito,Kobara,2001-08-09,9999-01-01,56439
Senior Engineer,240236,True,Tischendorf,1992-01-19,9999-01-01,40000
Staff,240285,Kolar,Greenaway,1998-11-14,9999-01-01,45885
Senior Engineer,240340,Mack,Staylopatis,1991-04-02,9999-01-01,40000
Senior Staff,240438,Temple,Cyre,1999-10-01,9999-01-01,62140
Senior Staff,240870,Francesca,Chorvat,1993-03-03,9999-01-01,40000
Senior Engineer,241100,Cedric,Molenaar,1999-10-06,9999-01-01,40000
Senior Engineer,241254,Jagoda,Anguita,1993-05-11,9999-01-01,40000
Senior Staff,241292,Uri,Lampe,1994-10-17,9999-01-01,42997
Senior Engineer,241567,Emran,Miara,1995-05-02,9999-01-01,40000
Senior Engineer,241667,Atilio,Olivero,1992-09-04,9999-01-01,56580
Senior Engineer,241728,Limsoon,Boudaillier,1995-08-12,9999-01-01,52540
Senior Staff,241872,Bluma,Fetvedt,1997-02-02,9999-01-01,40000
Senior Engineer,242019,Herb,Murrill,1999-09-27,9999-01-01,50527
Engineer,242081,Tomokazu,Pargas,2001-11-15,9999-01-01,50182
Senior Staff,242104,Richara,Sudkamp,1994-09-05,9999-01-01,57772
Senior Staff,242500,Bingning,Iisaku,1997-06-26,9999-01-01,76979
Engineer,242800,Kazuyasu,Levergood,1996-02-10,9999-01-01,46401
Senior Staff,243018,Bowen,Deverell,1998-12-27,9999-01-01,62716
Senior Engineer,243077,Kazunori,Perz,1999-02-25,9999-01-01,54935
Senior Staff,243576,Abdulah,Lodder,2001-11-10,9999-01-01,60593
Senior Staff,243637,Marjo,Delgrange,1996-06-23,9999-01-01,60619
Staff,243898,Arch,Basawa,1998-05-10,9999-01-01,58876
Senior Staff,244308,Mokhtar,Rebaine,2000-07-22,9999-01-01,51276
Senior Staff,244605,Masoud,Suwa,1997-11-25,9999-01-01,40000
Senior Staff,244624,Boaz,Seuren,1994-03-27,9999-01-01,40000
Engineer,244711,Rosli,Butner,1997-03-19,9999-01-01,56130
Senior Engineer,244714,Poorav,Clouatre,1996-05-06,9999-01-01,50839
Senior Engineer,244820,Shigenori,Hertweck,1994-04-13,9999-01-01,54013
Senior Staff,244873,Arunachalam,Oppitz,1994-05-20,9999-01-01,82148
Senior Engineer,245164,Filipp,Winter,2001-10-24,9999-01-01,57847
Senior Staff,245396,Gift,Bottner,2002-03-04,9999-01-01,40000
Staff,245664,Manohar,Kilgore,1998-11-17,9999-01-01,68558
Senior Engineer,246146,Zhongwei,Melski,1993-09-03,9999-01-01,57332
Staff,246244,George,Casperson,2000-01-20,9999-01-01,53305
Engineer,246364,Alper,Tiemann,1998-10-29,9999-01-01,72695
Staff,246764,Shuzo,Czaja,1997-11-29,9999-01-01,71627
Senior Staff,246798,Tianruo,Strooper,1999-10-28,9999-01-01,96152
Staff,246902,Shih,Shanbhogue,1998-04-19,9999-01-01,40000
Senior Staff,247089,Seongbae,Schahn,1997-12-10,9999-01-01,66089
Senior Staff,247122,Xiaobin,Narlikar,1999-02-14,9999-01-01,40000
Senior Engineer,247447,Tzu,Bakhtari,1999-03-18,9999-01-01,45800
Engineer,247456,Masako,Bahk,1997-07-31,9999-01-01,61394
Engineer,247612,Chiranjit,Constantine,1997-05-25,9999-01-01,40000
Senior Staff,247875,Xiong,Anick,1991-04-23,9999-01-01,77461
Senior Engineer,247888,Abdelghani,Lagarias,1992-09-06,9999-01-01,40000
Staff,248256,Sajjan,Falby,1996-08-29,9999-01-01,68786
Senior Staff,248351,Jaana,Milicia,1985-06-02,9999-01-01,55386
Senior Staff,248758,Snehasis,Muhlberg,1999-07-16,9999-01-01,79398
Assistant Engineer,248953,Percy,Sudbeck,1996-08-29,9999-01-01,47201
Senior Engineer,249239,Hideyuki,Decleir,1994-05-04,9999-01-01,40000
Staff,249325,Ute,Pokrovskii,1997-06-09,9999-01-01,82809
Senior Engineer,249433,Ayonca,Matzov,1997-06-03,9999-01-01,50915
Senior Engineer,249504,Dmitry,Velardi,2000-02-29,9999-01-01,40000
Senior Engineer,249780,Nechama,Gaughan,1996-01-16,9999-01-01,56733
Senior Engineer,249799,Jolita,Neimat,1999-12-27,9999-01-01,41338
Senior Staff,249866,Steen,Gubsky,1998-01-14,9999-01-01,49410
Senior Engineer,249969,Georgi,Luiz,1999-06-10,9999-01-01,73578
Senior Staff,250411,Ranga,Sommen,1996-01-21,9999-01-01,54722
Senior Engineer,250452,Alexius,Plavsic,2000-01-17,9999-01-01,55615
Senior Engineer,250748,Kish,Turnbull,1994-02-10,9999-01-01,40000
Senior Staff,251166,Hinrich,Hooghiemstra,1993-10-05,9999-01-01,74699
Senior Engineer,251233,Yucel,Bernini,1998-02-19,9999-01-01,47919
Senior Staff,251301,Pintsang,Impagliazzo,1989-05-06,9999-01-01,51640
Senior Staff,251341,Divier,Kumaresan,1998-12-05,9999-01-01,40000
Technique Leader,251403,Utpal,DuBourdieux,1997-11-19,9999-01-01,40000
Engineer,251437,Shichao,Iwayama,1996-10-17,9999-01-01,40000
Senior Staff,251645,Bezalel,Tsunoo,2001-06-17,9999-01-01,54614
Senior Engineer,251680,Moty,Sommen,1990-08-14,9999-01-01,54883
Technique Leader,251814,Mitsuyuki,Zockler,1998-09-14,9999-01-01,42555
Engineer,252185,Chaosheng,Conta,2002-04-14,9999-01-01,44552
Senior Engineer,252316,Gill,Niizuma,1999-10-08,9999-01-01,46232
Senior Engineer,252392,Sanjeeva,Peron,1999-12-26,9999-01-01,40000
Engineer,253029,Thodoros,Thimonier,1995-04-05,9999-01-01,40000
Staff,253707,Insup,Hainaut,1998-02-11,9999-01-01,57777
Assistant Engineer,253838,Stafford,Terlouw,1999-02-21,9999-01-01,40000
Senior Engineer,253893,Huiqun,Trystram,1993-05-10,9999-01-01,44376
Senior Engineer,254044,Gunilla,Brendel,2000-04-10,9999-01-01,40000
Technique Leader,254399,Armond,Lores,1999-09-16,9999-01-01,58503
Staff,254821,Tonny,Couchot,1994-12-12,9999-01-01,58821
Senior Engineer,255466,Huan,Roccetti,1985-07-03,9999-01-01,53964
Senior Engineer,255657,Oldrich,Cyre,1994-02-10,9999-01-01,40000
Technique Leader,255779,Heejo,Merle,1997-09-04,9999-01-01,40000
Engineer,256216,Halsur,Brodal,1997-11-22,9999-01-01,40000
Senior Staff,256856,Hongzue,Barbanera,1995-06-17,9999-01-01,40000
Senior Engineer,256881,Ioana,Jakobus,1999-08-10,9999-01-01,45924
Staff,256888,Heather,Pehl,1993-09-15,9999-01-01,50006
Senior Engineer,257062,Stabislas,Pardalos,1997-06-21,9999-01-01,53285
Senior Staff,257378,Pascal,Bernatsky,1995-09-04,9999-01-01,45349
Senior Staff,257469,Anyuan,Hanratty,1996-01-06,9999-01-01,53367
Senior Staff,257484,Shaowei,Nicolson,1995-12-07,9999-01-01,40000
Engineer,258028,Mountaz,Reinhart,2000-01-21,9999-01-01,55108
Senior Staff,258124,Mariusz,Zolotykh,1990-07-28,9999-01-01,84665
Staff,258470,Weiwu,Butner,1995-02-14,9999-01-01,98002
Senior Engineer,258643,Przemyslawa,Esposito,2001-02-26,9999-01-01,47581
Staff,259042,Xiaoqiang,Farrow,1997-01-01,9999-01-01,67056
Senior Staff,259237,Palash,Gammage,1994-10-23,9999-01-01,40000
Senior Engineer,259273,Xiahua,Gomatam,1989-12-01,9999-01-01,52325
Senior Staff,259611,Shuichi,Marrakchi,1990-08-21,9999-01-01,57203
Senior Staff,259619,Conal,Magliocco,1992-05-09,9999-01-01,41263
Senior Staff,259718,Stepehn,Bouloucos,1997-09-16,9999-01-01,57915
Technique Leader,260153,Mingdong,Baar,1991-10-14,9999-01-01,71781
Staff,260249,Vugranam,Beausoleil,1998-05-14,9999-01-01,49234
Engineer,260361,Reinhold,Rahier,1995-06-06,9999-01-01,40000
Senior Staff,260399,Hatem,Birsak,1995-04-10,9999-01-01,63485
Senior Staff,260408,Sasan,Brookner,2001-09-03,9999-01-01,40000
Technique Leader,260501,Dzung,Pargas,1990-05-17,9999-01-01,59070
Senior Engineer,261184,Masako,Kornatzky,1987-08-29,9999-01-01,51696
Engineer,261631,Jianhua,Huttel,1998-02-23,9999-01-01,48817
Senior Staff,261662,Berni,Assaf,1989-09-08,9999-01-01,64577
Senior Engineer,261737,Mark,Lindqvist,1997-11-22,9999-01-01,40000
Senior Engineer,261986,Gila,Ramsak,1997-05-13,9999-01-01,50346
Senior Staff,261990,Volkmar,Czaja,1998-04-01,9999-01-01,55592
Senior Staff,262208,Mrinalini,Holburn,1987-04-20,9999-01-01,82779
Senior Engineer,262210,Chinho,Bottner,1999-07-30,9999-01-01,50052
Staff,262328,Mayuko,Vural,1997-12-24,9999-01-01,63741
Senior Staff,262439,Lorien,Lagarias,1994-10-10,9999-01-01,78223
Senior Engineer,262636,Tamiya,Reutenauer,1985-06-02,9999-01-01,62056
Engineer,262752,Pramod,Bierman,1997-12-12,9999-01-01,63602
Senior Engineer,262928,Piyush,Gill,1998-08-31,9999-01-01,40000
Staff,263012,Hideo,Buchter,1999-05-01,9999-01-01,40755
Technique Leader,263186,Danny,Lowrie,1995-09-13,9999-01-01,40000
Staff,263370,Shakhar,Ranze,1999-05-29,9999-01-01,76883
Senior Engineer,263439,Atreye,Kabayashi,1986-12-15,9999-01-01,40000
Senior Engineer,263645,Mingsen,Lally,1990-12-04,9999-01-01,62104
Senior Staff,263649,Mechthild,Zongker,1993-07-26,9999-01-01,67578
Senior Staff,263926,Fusako,Schwartzbauer,1993-04-07,9999-01-01,43694
Engineer,264030,Zdislav,Solares,1998-12-14,9999-01-01,40000
Senior Engineer,264167,Baoqiu,Tomescu,1996-05-01,9999-01-01,59581
Senior Staff,264322,Leandro,Swist,1997-01-05,9999-01-01,58053
Senior Staff,264626,Noritoshi,Bakhtari,1998-02-03,9999-01-01,40000
Senior Engineer,264939,Bogdan,Bahi,1992-02-10,9999-01-01,40000
Senior Staff,265039,Navid,Staudhammer,2000-10-18,9999-01-01,71928
Senior Engineer,265521,Kensei,Salverda,2001-05-25,9999-01-01,52088
Senior Staff,265558,Susuma,Kleiser,1994-08-02,9999-01-01,79792
Senior Staff,265794,Miquel,Halloran,2002-01-14,9999-01-01,83098
Senior Engineer,265875,Fan,Marsiglia,1997-09-03,9999-01-01,44708
Senior Staff,266206,Zsolt,Anily,1991-08-19,9999-01-01,63169
Senior Staff,266249,Sumant,Nishimukai,1991-03-28,9999-01-01,65301
Senior Staff,266310,Zvonko,Serdy,1992-06-23,9999-01-01,40000
Senior Staff,266644,Anwar,Gubsky,1999-08-09,9999-01-01,40000
Senior Staff,266862,Mart,Plumb,1986-04-21,9999-01-01,40000
Senior Staff,266881,Mokhtar,Sabnani,1997-08-28,9999-01-01,40000
Senior Staff,267059,Moie,Tempesti,2000-06-28,9999-01-01,51878
Senior Engineer,267227,Susuma,Tagansky,2001-01-21,9999-01-01,40000
Senior Staff,267304,Jordanka,Axelband,1994-06-27,9999-01-01,61938
Senior Staff,267667,Irena,Kaiserswerth,1994-09-05,9999-01-01,75381
Engineer,268043,Narain,Mikschl,1997-11-02,9999-01-01,40000
Senior Engineer,268191,LiMin,Teitelbaum,1995-11-01,9999-01-01,53601
Senior Staff,269728,Naftali,Kragelund,1993-05-15,9999-01-01,71296
Senior Staff,270084,Ulises,Frolund,1993-07-26,9999-01-01,40000
Staff,270716,Shunichi,Baer,1998-02-04,9999-01-01,104010
Senior Staff,270794,Dannz,Zhang,1991-06-26,9999-01-01,73566
Engineer,271106,Taisook,Kampfer,1997-11-30,9999-01-01,57783
Engineer,271219,Odoardo,Tyugu,1994-11-07,9999-01-01,40000
Senior Staff,272141,Tsutomu,Neiman,1993-05-05,9999-01-01,40000
Senior Staff,272285,Gully,Mitchem,1995-01-22,9999-01-01,40000
Engineer,272316,Surveyors,Muhling,1999-07-19,9999-01-01,46031
Engineer,272452,Mitsuyuki,Isard,1996-08-17,9999-01-01,60967
Senior Staff,272599,Holgard,Hegner,1998-07-15,9999-01-01,42096
Assistant Engineer,272860,Minghong,Candan,1994-02-10,9999-01-01,40000
Technique Leader,273159,Divine,Hofmeyr,1989-04-14,9999-01-01,40000
Senior Engineer,273286,Brigham,Asmuth,1996-01-24,9999-01-01,43159
Engineer,273396,Wayne,Baba,1998-03-07,9999-01-01,60301
Senior Staff,273806,Hongzhu,Beetstra,2000-01-24,9999-01-01,81637
Senior Staff,273858,Gunilla,Matzen,1995-12-28,9999-01-01,66820
Staff,274071,Mingsen,Weiland,1995-10-12,9999-01-01,40000
Senior Staff,274271,Prodip,Ritcey,1993-09-10,9999-01-01,55623
Senior Staff,274369,Ranga,Waymire,1997-01-27,9999-01-01,44399
Senior Staff,274813,Yefim,Pettey,2000-08-07,9999-01-01,66431
Engineer,275158,Satyanarayana,Brandsma,1999-12-08,9999-01-01,93286
Senior Engineer,275263,Vojin,Laventhal,1999-10-18,9999-01-01,64702
Senior Engineer,275444,Limsoon,Leppanen,2000-01-22,9999-01-01,55338
Staff,275495,Shen,Yamaashi,1995-02-19,9999-01-01,41626
Senior Staff,275801,Ayakannu,Heinisuo,1986-06-28,9999-01-01,70395
Senior Engineer,275881,Jiann,Munro,1988-05-18,9999-01-01,40000
Senior Engineer,275994,Uma,Prampolini,1998-02-21,9999-01-01,40000
Senior Staff,276027,Holgard,Stavenow,1995-02-28,9999-01-01,40000
Senior Staff,276184,Mari,Swick,1991-04-08,9999-01-01,77922
Senior Staff,276186,Sajjad,Vecchi,1998-06-02,9999-01-01,40000
Senior Staff,276189,Isaac,Klerer,2000-03-18,9999-01-01,47945
Senior Engineer,276445,Atilio,Randi,1994-07-02,9999-01-01,63137
Senior Engineer,276472,Hideyuki,Flanders,1994-11-10,9999-01-01,49162
Senior Staff,276563,Gift,Solares,1995-08-01,9999-01-01,40000
Staff,276868,Alois,Sanella,1998-03-13,9999-01-01,61613
Senior Staff,277316,Vitali,Rothenberg,1998-10-04,9999-01-01,86493
Senior Staff,277362,Uzi,Kugler,1991-01-12,9999-01-01,40000
Senior Engineer,277420,Rayond,Schach,2001-04-21,9999-01-01,40000
Senior Engineer,277777,Herbert,Itzigehl,1990-07-04,9999-01-01,40000
Senior Engineer,277829,Michaela,Fandrianto,1986-06-02,9999-01-01,40000
Staff,278239,Boaz,Bottner,1994-02-06,9999-01-01,40000
Technique Leader,278386,Caolyn,Poujol,1995-12-03,9999-01-01,42957
Senior Staff,278452,Sudhanshu,Toyoshima,1993-08-28,9999-01-01,40000
Senior Staff,278536,Munenori,Shobatake,1999-01-10,9999-01-01,70597
Senior Staff,278549,Jaana,Werthner,1997-07-27,9999-01-01,89009
Senior Engineer,278953,Jeanna,Ghandeharizadeh,1990-08-11,9999-01-01,40000
Engineer,279115,Maren,DuCasse,1997-11-29,9999-01-01,55885
Senior Engineer,279280,Niranjan,Debuse,2001-09-21,9999-01-01,40000
Engineer,279791,Chiranjit,Lyonns,1995-12-24,9999-01-01,40000
Senior Staff,280070,Niteen,Ebeling,1993-03-29,9999-01-01,43684
Staff,280291,Lenore,Badache,1998-11-24,9999-01-01,41617
Senior Staff,280420,Jahangir,Hofting,1993-09-28,9999-01-01,80385
Staff,280525,Kish,Herbst,1996-08-18,9999-01-01,100167
Senior Engineer,280648,Heeju,Lorys,1992-12-26,9999-01-01,61217
Assistant Engineer,281570,Zijian,Covnot,1994-09-13,9999-01-01,50023
Senior Engineer,281692,Khosrow,Sommen,1990-03-03,9999-01-01,45215
Senior Engineer,281848,Parke,Staylopatis,1999-07-31,9999-01-01,40000
Senior Engineer,281859,Masanao,Papastamatiou,1993-11-25,9999-01-01,56239
Engineer,282191,Alper,Shinomoto,1997-10-20,9999-01-01,41448
Senior Staff,282333,Nahla,Serdy,2000-09-09,9999-01-01,40000
Senior Staff,282343,Xinglin,Haldar,1993-07-20,9999-01-01,77230
Engineer,282547,Nahum,Codenie,1999-06-14,9999-01-01,40754
Staff,282585,Zijian,Lammel,1996-07-01,9999-01-01,43246
Senior Engineer,282894,Fay,Bellmore,1998-05-03,9999-01-01,53242
Senior Staff,284300,Ishfaq,Mahmud,1996-11-28,9999-01-01,90644
Senior Staff,284431,Pintsang,Fujisawa,2002-04-16,9999-01-01,65037
Senior Engineer,284561,Duri,Beznosov,1988-02-15,9999-01-01,50960
Senior Engineer,284687,Oksana,Redmiles,1992-06-22,9999-01-01,40000
Senior Engineer,284691,Theron,Ressouche,1994-08-17,9999-01-01,40000
Senior Engineer,284711,Martijn,Azevdeo,1988-02-10,9999-01-01,57721
Senior Engineer,284717,Gal,Ranta,1997-11-07,9999-01-01,40000
Senior Engineer,284856,Moto,Kobara,1998-12-12,9999-01-01,40000
Engineer,284954,Anneke,Hammerschmidt,1996-01-30,9999-01-01,40000
Staff,285164,Xiaocheng,Kumaresan,1994-10-03,9999-01-01,91283
Senior Engineer,285396,Lena,Kohling,1991-10-04,9999-01-01,66793
Senior Staff,285905,Kellyn,Bage,1994-11-04,9999-01-01,51667
Engineer,285906,Arnould,Buescher,1998-03-26,9999-01-01,49297
Senior Staff,286026,Utpal,Zaumen,1997-02-24,9999-01-01,65537
Staff,286029,Jaques,Nanard,1996-07-16,9999-01-01,41827
Senior Staff,286370,Toshimitsu,Seuren,2000-01-19,9999-01-01,45618
Engineer,286452,Behnaam,Bierbaum,1999-01-31,9999-01-01,43036
Senior Engineer,286573,Nahum,Nishimukai,1997-02-01,9999-01-01,40000
Engineer,286779,Sigeru,Versino,1998-08-31,9999-01-01,54400
Senior Engineer,286986,Woody,Trelles,1996-05-23,9999-01-01,55706
Staff,287323,Steve,Dengi,1999-09-15,9999-01-01,73295
Senior Staff,287327,Youjian,Felder,2000-07-15,9999-01-01,58866
Engineer,287334,Elliott,Speer,1998-08-08,9999-01-01,47441
Senior Engineer,287482,Shigeaki,Gihr,2002-03-18,9999-01-01,63479
Senior Engineer,287583,Jovan,Hockney,1997-06-21,9999-01-01,47726
Senior Engineer,287609,Sailaja,Negoita,2000-01-19,9999-01-01,48605
Senior Staff,287713,Aamod,Ranka,1992-12-07,9999-01-01,46369
Technique Leader,287808,Vidar,Ozeki,1996-06-17,9999-01-01,51801
Senior Staff,287983,Randi,Munos,1990-09-07,9999-01-01,83519
Senior Engineer,287984,Troy,Kobuchi,1999-02-12,9999-01-01,45001
Senior Engineer,288028,Kauko,Narwekar,1994-12-16,9999-01-01,50537
Senior Staff,288142,Shay,Heystek,1995-04-01,9999-01-01,67640
Staff,288166,Masoud,Asmuth,1994-09-05,9999-01-01,66034
Senior Staff,288560,Yifei,Birjandi,1999-02-07,9999-01-01,64818
Senior Engineer,288563,Cristinel,Gerlach,2001-01-08,9999-01-01,40000
Senior Staff,288606,Susumu,Swiss,1996-11-14,9999-01-01,93892
Senior Engineer,288665,Horward,Khasidashvili,1998-11-19,9999-01-01,48607
Senior Engineer,288893,Bedrich,Rosenbaum,1998-01-27,9999-01-01,40000
Senior Engineer,289454,Bowen,Narwekar,1985-03-08,9999-01-01,52363
Senior Staff,289687,Fai,Maccarone,1993-10-30,9999-01-01,45390
Senior Staff,289807,Soenke,Lemarechal,2000-09-03,9999-01-01,40000
Senior Staff,289909,Hilari,Vecchio,1998-04-24,9999-01-01,73997
Senior Staff,290009,Zijian,Rindone,1997-07-09,9999-01-01,40000
Senior Staff,290075,Boalin,Byoun,1996-09-30,9999-01-01,49861
Engineer,290284,Kwangjo,Menhardt,1996-01-11,9999-01-01,52459
Senior Staff,290441,Gregory,Collavizza,1993-09-08,9999-01-01,91982
Senior Staff,290467,Shaowen,Poulakidas,1992-04-14,9999-01-01,47812
Engineer,290478,Tsvetan,Sherertz,1998-08-07,9999-01-01,54683
Senior Engineer,290563,Shigehiro,Oxenboll,1986-02-26,9999-01-01,40000
Senior Engineer,290769,Lalit,Blokdijk,1999-02-01,9999-01-01,44580
Technique Leader,291352,Danai,Trelles,1992-04-17,9999-01-01,55697
Engineer,291612,Siamak,Gomatam,1998-07-08,9999-01-01,40000
Engineer,291669,Faiza,Bach,1999-09-13,9999-01-01,59691
Senior Engineer,292110,Menkae,Showalter,2001-08-09,9999-01-01,53348
Engineer,292146,Khatoun,Pulkowski,1998-01-11,9999-01-01,40000
Senior Engineer,292210,Masaru,Huhdanpaa,2001-11-23,9999-01-01,57954
Senior Staff,292404,Hongzue,Zultner,1990-02-22,9999-01-01,44910
Senior Engineer,292504,Georgi,Bednarek,2002-03-02,9999-01-01,40000
Engineer,292515,Bernd,Thummel,1998-08-03,9999-01-01,40000
Senior Engineer,292828,Ziya,Tokunaga,1995-01-08,9999-01-01,40000
Senior Staff,293080,Hideyuki,Slaats,1987-05-30,9999-01-01,59821
Senior Staff,293154,Syozo,Maliniak,1992-11-09,9999-01-01,47147
Senior Engineer,293280,Moti,Steenbeek,1993-01-21,9999-01-01,40000
Senior Engineer,293329,Fumiya,Griswold,1994-06-12,9999-01-01,60254
Senior Engineer,293746,Sanjay,Litecky,2000-08-26,9999-01-01,40000
Senior Staff,293752,Jungsoon,Bail,1994-02-18,9999-01-01,60081
Senior Staff,294144,Takanari,Ermel,1999-01-11,9999-01-01,74140
Senior Staff,294241,Marl,Fiebach,2000-07-25,9999-01-01,74077
Staff,294446,Claudi,Ruemmler,1999-08-13,9999-01-01,57740
Senior Engineer,294461,Siddarth,Rosiles,1985-11-18,9999-01-01,44245
Senior Staff,294527,Ashish,Candan,1992-02-02,9999-01-01,62362
Senior Engineer,294652,Hironobu,Brodie,1993-09-17,9999-01-01,40000
Assistant Engineer,294791,Vesna,Lammel,1999-10-08,9999-01-01,62854
Senior Engineer,294857,Caolyn,Ozeri,1993-07-29,9999-01-01,76899
Senior Staff,295030,Fun,Keirsey,1985-07-09,9999-01-01,40000
Senior Engineer,295236,Kauko,Fujisawa,1992-09-12,9999-01-01,40000
Senior Staff,295254,Xuejun,Pfau,1993-07-24,9999-01-01,40000
Technique Leader,295255,Jacopo,Bellone,1988-03-13,9999-01-01,42789
Assistant Engineer,295262,Moon,Pews,1994-08-06,9999-01-01,40000
Senior Staff,295268,Eben,Calkin,2001-12-19,9999-01-01,62556
Senior Engineer,295278,Val,Barvinok,2000-01-02,9999-01-01,51829
Staff,295411,Chiranjit,Serot,1997-04-04,9999-01-01,53572
Senior Staff,295857,Kankanahalli,Ciolek,1998-12-26,9999-01-01,44461
Staff,296062,Shaz,Driscoll,1998-10-03,9999-01-01,55272
Technique Leader,296303,Mariangiola,Heyers,1992-08-04,9999-01-01,55209
Senior Staff,296428,Charmane,Simmen,1997-03-07,9999-01-01,62557
Senior Engineer,296664,Dipayan,Geffroy,1987-09-17,9999-01-01,40000
Senior Staff,296687,Palash,Spieker,1996-05-10,9999-01-01,40000
Senior Engineer,296718,Kamakshi,Bahl,1987-12-22,9999-01-01,40000
Senior Staff,297232,Lokesh,Saoudi,1999-05-25,9999-01-01,56647
Senior Staff,297431,Cathie,Ratnakar,1996-06-23,9999-01-01,58600
Staff,297474,Irena,Terkki,1998-03-11,9999-01-01,44241
Assistant Engineer,297905,Marc,Bahl,1997-06-18,9999-01-01,40000
Assistant Engineer,297954,Sailaja,Fujisaki,1995-07-24,9999-01-01,40000
Senior Engineer,298339,King,Benzmuller,1995-09-04,9999-01-01,40000
Senior Staff,298577,Florina,Litecky,1994-12-02,9999-01-01,75632
Staff,298953,Zita,Syang,1998-12-29,9999-01-01,56226
Senior Staff,299346,Fumitake,Sichman,1991-02-21,9999-01-01,40000
Engineer,299580,Luisa,Itzfeldt,1997-01-23,9999-01-01,49708
Senior Staff,299718,Denny,Shobatake,2002-06-22,9999-01-01,40000
Senior Staff,299737,Patricio,Itzfeldt,1994-05-21,9999-01-01,75091
Senior Staff,400046,Hilari,Christ,1991-01-19,9999-01-01,40000
Senior Engineer,400358,Angus,Jullig,1997-04-13,9999-01-01,65485
Staff,400683,Kamakshi,Manders,1995-08-05,9999-01-01,65023
Engineer,400780,Poornachandra,Asser,1993-11-07,9999-01-01,40000
Engineer,400796,Bodo,Halevi,1996-05-30,9999-01-01,40000
Senior Staff,401154,Danae,Kragelund,1993-05-19,9999-01-01,40000
Engineer,401278,Oguz,Schurmann,1995-11-11,9999-01-01,62122
Senior Engineer,401333,Martins,Shokrollahi,1991-11-04,9999-01-01,40000
Senior Staff,401420,Florian,Uhrig,1987-01-31,9999-01-01,40000
Technique Leader,401574,Yannik,Falco,1988-01-15,9999-01-01,52475
Senior Engineer,402025,Shigehito,Duclos,1992-09-19,9999-01-01,50425
Engineer,402102,Kersti,Granlund,1995-03-19,9999-01-01,40000
Senior Engineer,402664,Subhada,Janetzko,1987-01-25,9999-01-01,43122
Senior Engineer,402718,Jeanna,Rettelbach,1996-02-14,9999-01-01,58377
Senior Staff,402827,Weidon,Pollacia,1996-02-27,9999-01-01,53483
Senior Engineer,403010,Toshimitsu,Sluis,1985-02-18,9999-01-01,59167
Senior Staff,403621,Deborah,Kaminger,1997-06-04,9999-01-01,52532
Senior Staff,403644,Krisda,Hainaut,2000-07-07,9999-01-01,40000
Senior Engineer,403954,Jeanna,Bratten,1997-07-26,9999-01-01,40000
Senior Engineer,404018,Valery,Babb,1998-10-19,9999-01-01,55622
Senior Engineer,404236,Zengping,Kakkar,1996-07-22,9999-01-01,43423
Senior Engineer,404462,Anestis,Setlzner,1991-07-13,9999-01-01,40194
Staff,404573,Eberhardt,Spelt,1997-07-05,9999-01-01,40000
Senior Staff,404755,Manu,Junet,1996-04-19,9999-01-01,55120
Engineer,404788,Basem,Beausoleil,1998-03-16,9999-01-01,50754
Senior Staff,405015,Morris,Fargier,1996-06-29,9999-01-01,72535
Senior Engineer,405063,Yechezkel,Yurov,1998-11-30,9999-01-01,67423
Technique Leader,406125,Georgi,Portugali,1987-09-27,9999-01-01,40000
Senior Engineer,406239,Marek,Tomescu,2002-05-15,9999-01-01,40000
Engineer,406564,Parviz,Picco,1995-04-16,9999-01-01,42716
Senior Staff,406714,Malu,Ossenbruggen,1994-11-21,9999-01-01,40000
Staff,406847,Alexius,Crouzet,1999-10-05,9999-01-01,65556
Staff,407522,Tommaso,Raczkowsky,1996-08-29,9999-01-01,53708
Senior Engineer,407837,Fei,Erez,1991-10-15,9999-01-01,47359
Senior Engineer,408019,Shridhar,Chleq,1996-03-21,9999-01-01,46019
Engineer,408114,Geoffrey,Ladret,1994-01-03,9999-01-01,75323
Senior Engineer,408163,Irene,Sethi,1996-09-06,9999-01-01,67566
Staff,408417,Tsz,Daescu,1994-01-29,9999-01-01,50677
Senior Staff,408437,Uno,Solares,1999-09-22,9999-01-01,59806
Senior Staff,408447,Mayuri,Werthner,1999-08-19,9999-01-01,65539
Senior Staff,408654,Yongqiao,Cochrane,1991-10-27,9999-01-01,47427
Senior Engineer,408953,Jolita,Claffy,1993-12-24,9999-01-01,40000
Engineer,409391,Willard,Verspoor,1999-02-28,9999-01-01,40675
Technique Leader,409798,Dekang,Tsunoo,1995-01-19,9999-01-01,55643
Senior Engineer,409805,Frazer,Candan,1999-03-05,9999-01-01,60575
Senior Engineer,409898,Divier,Ishibashi,1994-09-22,9999-01-01,60860
Senior Staff,410028,Xiadong,McClurg,1994-09-17,9999-01-01,40000
Senior Engineer,410372,Duri,Mitina,1995-03-04,9999-01-01,40608
Senior Engineer,410433,Kazuhisa,Riesenhuber,1992-10-06,9999-01-01,49038
Senior Engineer,410616,Gudjon,Kalorkoti,1999-04-14,9999-01-01,40000
Senior Engineer,410804,Ronnie,Denos,1997-06-08,9999-01-01,49617
Senior Engineer,410881,Koichi,Grabner,1990-04-24,9999-01-01,40000
Senior Engineer,411070,Otmar,Brandsma,1992-05-27,9999-01-01,41389
Senior Engineer,411082,Martine,Cangellaris,1998-04-28,9999-01-01,40987
Senior Staff,411143,Goncalo,Barbanera,1996-09-01,9999-01-01,87814
Senior Engineer,412404,Mitsuyuki,Jeansoulin,1999-10-28,9999-01-01,75569
Engineer,412757,Leen,Peak,1999-11-20,9999-01-01,40000
Senior Staff,413098,Hsiangchu,Taubenfeld,1999-04-17,9999-01-01,45619
Senior Staff,413205,Mototsugu,Prampolini,1988-06-12,9999-01-01,82766
Senior Staff,413666,Remco,Duclos,1996-04-18,9999-01-01,62764
Technique Leader,413729,Harjit,Ernst,1992-04-26,9999-01-01,40000
Senior Staff,413831,Mohamadou,Grabner,1998-11-25,9999-01-01,40444
Senior Staff,413832,Marco,Jahnichen,1995-03-28,9999-01-01,40000
Senior Engineer,414027,Tadanori,Msuda,1997-11-06,9999-01-01,40000
Engineer,414091,Wuxu,Kuhnemann,1997-08-19,9999-01-01,40000
Senior Engineer,414543,Bernd,Anick,1988-11-19,9999-01-01,68487
Senior Engineer,414551,Elliott,Copas,1999-09-13,9999-01-01,41620
Senior Engineer,414662,Ipke,Schneeberger,1994-09-20,9999-01-01,52170
Senior Staff,414714,Chinho,Delgrande,1996-11-07,9999-01-01,47105
Staff,414814,Dayanand,Wielonsky,1999-02-15,9999-01-01,43223
Senior Staff,414897,Juyoung,Willoner,1994-11-03,9999-01-01,69580
Assistant Engineer,415187,Juyoung,Peltason,1998-09-01,9999-01-01,57432
Assistant Engineer,415338,Shigeo,Emmart,1995-12-24,9999-01-01,40000
Senior Staff,415363,Conal,Shackell,1993-01-25,9999-01-01,56789
Senior Engineer,415563,Mrinalini,Bierbaum,1994-03-12,9999-01-01,51477
Senior Engineer,416074,Alain,Lieberherr,1996-05-10,9999-01-01,40000
Senior Engineer,416383,Nectarios,Itschner,1996-03-01,9999-01-01,57970
Senior Staff,416420,Adamantios,Heemskerk,1986-08-08,9999-01-01,57583
Senior Engineer,416492,Kannan,Meriste,1992-08-12,9999-01-01,40000
Senior Engineer,416660,Nathalie,Luke,1997-09-15,9999-01-01,40000
Senior Engineer,416720,Tokuyasu,Xiaoshan,1998-09-19,9999-01-01,50877
Senior Staff,416877,Gio,Orsini,1993-12-07,9999-01-01,82181
Engineer,416892,Shooichi,Vandervoorde,1996-08-16,9999-01-01,55754
Senior Staff,417435,Bouchung,Zaumen,1999-01-29,9999-01-01,88979
Senior Engineer,418239,Josyula,Motley,1992-09-05,9999-01-01,65620
Senior Staff,418247,Oscar,Oppitz,2001-06-29,9999-01-01,58604
Senior Engineer,418298,Arvin,Pusterhofer,2002-03-02,9999-01-01,40000
Senior Engineer,418309,Danel,Petereit,1994-02-21,9999-01-01,47095
Senior Engineer,418380,Kazuhiko,Gornas,1993-05-20,9999-01-01,41525
Senior Engineer,418566,Kazuhide,Snedden,1996-06-14,9999-01-01,62954
Engineer,418606,Michaela,Otillio,1994-01-05,9999-01-01,41390
Senior Staff,418717,Arunachalam,Magliocco,1992-12-22,9999-01-01,67967
Senior Staff,418860,Ymte,Dalton,1997-11-22,9999-01-01,51181
Staff,419099,Heon,Broomell,1998-05-06,9999-01-01,96271
Senior Staff,419953,Ung,Orlowski,1998-07-22,9999-01-01,60803
Senior Engineer,420086,Susuma,Kitsuregawa,1993-05-28,9999-01-01,48457
Senior Staff,420476,Mariangiola,Bolsens,1994-06-15,9999-01-01,40000
Senior Staff,420557,Mabhin,Eastman,1994-08-02,9999-01-01,82355
Senior Staff,420694,Frazer,Barbanera,1991-11-04,9999-01-01,40000
Senior Staff,420732,Willard,Morrin,2001-05-27,9999-01-01,59288
Staff,420759,Raimond,Solovay,1997-10-03,9999-01-01,55608
Senior Staff,420765,Shawna,Krider,1997-03-09,9999-01-01,78825
Senior Staff,420877,Khosrow,Erez,1996-02-11,9999-01-01,48689
Senior Staff,421022,Shigeaki,Butner,1996-07-13,9999-01-01,67327
Senior Staff,421033,Garnik,Randt,1994-12-23,9999-01-01,87795
Senior Staff,421074,Zhaofang,Falster,1999-06-29,9999-01-01,72554
Engineer,421312,Mariangiola,Bashian,1999-09-18,9999-01-01,40000
Senior Staff,421384,Renny,Bednarek,1995-06-01,9999-01-01,40000
Senior Engineer,421755,Shichao,Thiria,2001-01-10,9999-01-01,49914
Engineer,422146,Kenton,Miara,1999-05-14,9999-01-01,40000
Engineer,422783,Jagoda,Uhrig,1995-09-01,9999-01-01,40000
Senior Staff,423038,Takushi,Strehl,1988-10-04,9999-01-01,60743
Senior Staff,423204,Uma,Stranks,1996-09-12,9999-01-01,64505
Engineer,423208,Joydip,Krone,1995-02-08,9999-01-01,58830
Senior Staff,423214,Tsutomu,Tetzlaff,1993-09-23,9999-01-01,67902
Senior Staff,423327,Constantijn,Lichtman,2001-06-26,9999-01-01,79684
Senior Staff,423350,Heping,Monarch,1993-04-15,9999-01-01,45927
Senior Engineer,423633,Mariusz,Tokunaga,1985-02-11,9999-01-01,51147
Technique Leader,423993,Seshu,Kolvik,1988-12-09,9999-01-01,40000
Engineer,424569,Danco,Luff,1997-10-30,9999-01-01,67193
Senior Engineer,424584,Kagan,Dredge,2000-02-26,9999-01-01,49152
Senior Staff,424685,Changho,Veevers,1997-03-03,9999-01-01,44053
Senior Staff,424797,Theron,Itschner,1993-05-16,9999-01-01,99526
Senior Staff,424805,Jacqueline,Zallocco,1994-12-17,9999-01-01,81079
Senior Staff,424930,Xuejun,Reeker,1997-11-18,9999-01-01,48452
Engineer,424984,Vasilis,Waleschkowski,1996-05-26,9999-01-01,40000
Engineer,425437,Moni,Staudhammer,1999-03-23,9999-01-01,43287
Senior Staff,425535,Alagu,Vieri,1992-08-22,9999-01-01,80858
Senior Staff,425540,Paddy,Zumaque,1995-11-12,9999-01-01,53256
Senior Staff,425757,Yongdong,Jiang,1990-10-13,9999-01-01,65128
Senior Staff,425780,Paris,Range,1997-10-25,9999-01-01,65037
Engineer,425830,Guther,Conia,1999-02-13,9999-01-01,63504
Senior Staff,425875,Jahangir,Kroft,1995-06-11,9999-01-01,41046
Senior Staff,426153,Shahaf,Luce,1999-04-06,9999-01-01,74658
Senior Staff,426168,Kaijung,Mateescu,1992-11-17,9999-01-01,51634
Engineer,426228,Supot,Badache,1996-08-17,9999-01-01,48175
Senior Staff,426235,Danco,Rajala,1996-03-28,9999-01-01,46445
Senior Engineer,426644,Zejun,Broomell,2002-01-19,9999-01-01,66298
Senior Engineer,426706,Karsten,Kawashima,1999-03-15,9999-01-01,52496
Senior Staff,426795,Huican,Lunn,1991-07-23,9999-01-01,48445
Senior Staff,426818,Gaurav,Fendler,1997-02-14,9999-01-01,40000
Engineer,426819,Sandeepan,Kulisch,1997-05-16,9999-01-01,51809
Senior Staff,426824,Gopalakrishnan,Mawatari,1993-10-29,9999-01-01,58680
Senior Engineer,426958,Weijing,Viele,1993-10-03,9999-01-01,55729
Senior Staff,427313,Utpal,Kemmerer,1991-12-04,9999-01-01,40000
Senior Engineer,427320,Mamdouh,Ramamoorthy,2000-01-13,9999-01-01,53985
Staff,427332,Feiyu,Hemaspaandra,1995-06-04,9999-01-01,50549
Senior Engineer,427571,Torsten,Ranta,1996-12-10,9999-01-01,55037
Senior Staff,427776,Jaques,Navazio,1998-04-03,9999-01-01,83358
Senior Staff,427805,Haldun,Compeau,1997-10-15,9999-01-01,66766
Staff,427823,Jaques,Gecsei,1999-07-13,9999-01-01,46107
Senior Engineer,427852,Adil,Kieras,1992-07-20,9999-01-01,48349
Senior Staff,428082,Ronghao,Alpin,2000-09-10,9999-01-01,40000
Senior Staff,428160,Jamaludin,Kalorkoti,2001-07-14,9999-01-01,62732
Senior Staff,428195,Hatsukazu,Rosca,1991-10-13,9999-01-01,63119
Senior Staff,428219,Ghassan,Androutsos,1993-12-25,9999-01-01,84926
Senior Engineer,428917,Theron,Billawala,2001-02-16,9999-01-01,40000
Technique Leader,429087,Hugh,Senzako,1992-10-15,9999-01-01,51383
Senior Staff,429231,Kazuyasu,Schmiedel,1991-09-07,9999-01-01,85371
Senior Staff,429238,Mona,Luck,1989-05-11,9999-01-01,98463
Senior Engineer,429249,Alassane,Wolniewicz,1993-10-06,9999-01-01,40000
Senior Staff,429316,Seshu,Hiraishi,2001-08-10,9999-01-01,40000
Senior Staff,429381,Limsoon,Roohalamini,1992-11-25,9999-01-01,75021
Engineer,429481,Subhada,Emmerich,1996-03-06,9999-01-01,50310
Engineer,429520,Yongqiao,Francisci,1999-12-01,9999-01-01,64463
Senior Staff,429532,Bartek,Vendrig,1996-11-11,9999-01-01,68137
Engineer,429569,Fumiya,Chappelet,1999-09-04,9999-01-01,47441
Senior Staff,429703,Ung,Honglei,1993-09-02,9999-01-01,40000
Staff,429899,Ranan,Marsiglia,1999-08-13,9999-01-01,40554
Staff,429954,Renny,Gladwell,1999-02-27,9999-01-01,77431
Senior Engineer,430054,Erzsebet,Setiz,1998-06-10,9999-01-01,91507
Senior Engineer,430558,Xiong,Roisin,1995-03-02,9999-01-01,40000
Senior Staff,430593,Janalee,Lanzelotte,1997-12-01,9999-01-01,40000
Engineer,430631,Kersti,Marsiglia,1994-02-19,9999-01-01,55205
Senior Engineer,430891,Khalil,Gien,1991-08-06,9999-01-01,68320
Senior Staff,431576,Masamitsu,Back,1994-03-25,9999-01-01,76741
Senior Engineer,431657,Visit,Thiran,1991-11-14,9999-01-01,40000
Engineer,431882,Hideo,Varman,1997-06-19,9999-01-01,53101
Senior Engineer,431887,Poorav,Ranst,1996-06-01,9999-01-01,44157
Senior Staff,432031,Adamantios,Matzat,1993-02-28,9999-01-01,60534
Senior Staff,432034,Arfst,Uehara,1993-11-15,9999-01-01,50138
Senior Staff,432121,Alair,Straney,1992-11-14,9999-01-01,40000
Engineer,432257,Kwangjo,Hiltgen,1998-12-22,9999-01-01,84748
Senior Engineer,432261,Arve,Bergere,1994-07-28,9999-01-01,73145
Senior Engineer,432399,Nitsan,Nollmann,1996-09-09,9999-01-01,40000
Engineer,432523,Takahiro,Maquelin,1997-07-21,9999-01-01,77172
Senior Engineer,432665,Flemming,Driscoll,1999-06-28,9999-01-01,42199
Senior Engineer,432787,Toshiko,Ibel,1996-11-23,9999-01-01,41515
Senior Staff,432956,Qunsheng,Birrer,1994-05-13,9999-01-01,59603
Staff,433059,Bojan,Montresor,1995-02-04,9999-01-01,83650
Staff,433157,Tomofumi,Serna,1999-10-23,9999-01-01,84693
Engineer,433260,Make,Olivero,1998-06-01,9999-01-01,40000
Senior Staff,433438,Keiichiro,Miyakawa,2000-09-12,9999-01-01,86599
Senior Staff,434845,Takushi,Skogmar,1991-06-07,9999-01-01,56010
Senior Engineer,434936,Sahrah,Rosis,2000-06-23,9999-01-01,54397
Staff,435042,Brigham,Borstler,1995-10-09,9999-01-01,55687
Staff,435060,Moie,Lieblein,1996-07-12,9999-01-01,48951
Senior Staff,435181,Kazuhide,Fiutem,1998-05-10,9999-01-01,40000
Senior Staff,435289,Feixiong,Schurmann,1993-02-14,9999-01-01,78074
Senior Staff,435305,Berthier,Pramanik,1999-01-23,9999-01-01,61083
Senior Staff,435370,Conal,Basart,1991-05-17,9999-01-01,56330
Senior Staff,435588,Genta,Pepe,2002-04-12,9999-01-01,40000
Senior Staff,435602,Dietrich,Kranzdorf,2001-10-04,9999-01-01,70591
Senior Staff,435774,Olivera,Bharadwaj,2001-04-01,9999-01-01,62182
Senior Engineer,435791,Hercules,Speer,1999-03-07,9999-01-01,41333
Senior Engineer,436558,Subir,Greibach,1992-05-24,9999-01-01,59648
Senior Staff,436797,Ohad,Henders,1996-11-02,9999-01-01,47748
Senior Staff,436827,Wojceich,Limongiello,1988-03-10,9999-01-01,42069
Staff,436915,Feixiong,Haraldson,1998-10-11,9999-01-01,40000
Senior Staff,437276,Dines,DeMori,1994-12-07,9999-01-01,52997
Senior Staff,437369,Kazuhide,Biran,1995-01-25,9999-01-01,44053
Senior Staff,437395,Sumant,Thambidurai,2000-01-02,9999-01-01,75620
Staff,437724,Erez,Luft,1994-12-14,9999-01-01,53468
Staff,437870,Kerhong,Lorho,1995-06-18,9999-01-01,65132
Senior Staff,438038,Lena,Giaccio,1999-03-17,9999-01-01,77091
Senior Staff,438264,Rasikan,Barreiro,2000-09-26,9999-01-01,42706
Engineer,438557,Lidong,Swist,1999-09-16,9999-01-01,40000
Senior Engineer,439377,Mari,Plessier,1997-07-04,9999-01-01,40000
Senior Staff,439905,Kousuke,Levasseur,1996-03-15,9999-01-01,56753
Senior Staff,439924,Gunilla,Kisuki,2000-08-13,9999-01-01,81991
Senior Staff,440325,Douadi,Sullins,1999-09-25,9999-01-01,70248
Senior Engineer,440435,Sandeepan,Rosti,1991-11-26,9999-01-01,40000
Senior Staff,440450,Tzvetan,Scharstein,1999-06-16,9999-01-01,42474
Senior Staff,440642,Snehasis,Kalsbeek,1997-01-05,9999-01-01,96916
Senior Staff,440870,Filipp,Hasham,1999-07-11,9999-01-01,40000
Senior Staff,440937,Fabrizio,Usery,1999-10-14,9999-01-01,55815
Senior Staff,441197,Miquel,Legleitner,1993-06-28,9999-01-01,56738
Senior Engineer,441536,Chinho,Collette,1990-08-07,9999-01-01,40000
Engineer,441954,Leszek,Marchegay,1999-06-13,9999-01-01,42564
Senior Staff,441965,Claudi,Heijenga,1994-08-30,9999-01-01,40000
Senior Staff,442002,Ravishankar,Baig,2000-03-17,9999-01-01,72966
Senior Engineer,442096,Martijn,DiGiano,1990-06-15,9999-01-01,52432
Senior Engineer,442312,Zengping,Cusworth,1997-06-06,9999-01-01,50796
Engineer,442490,Navid,Luke,1994-10-17,9999-01-01,90851
Engineer,442653,Mona,Hebden,1995-10-20,9999-01-01,64003
Staff,442700,Siddarth,Masada,1997-08-11,9999-01-01,52753
Engineer,442898,Aksel,Gire,1999-06-27,9999-01-01,40000
Senior Staff,443108,Christfried,Atrawala,1990-07-13,9999-01-01,60079
Senior Staff,443485,Marke,Klerer,1990-04-14,9999-01-01,54884
Senior Staff,443841,Shaw,Kading,2000-07-16,9999-01-01,91933
Senior Staff,443873,Vatsa,Ramsay,2002-02-04,9999-01-01,60024
Senior Staff,444070,Heping,Skrikant,1999-11-27,9999-01-01,40000
Senior Staff,444099,Kousuke,Worfolk,1997-03-22,9999-01-01,81037
Senior Staff,444208,Irena,Cesareni,1985-10-30,9999-01-01,81161
Senior Engineer,444465,Prasadram,Bultermann,1997-08-29,9999-01-01,47281
Senior Engineer,444487,Udi,Rullman,1994-04-09,9999-01-01,40000
Staff,444643,Berna,Schonegge,1998-06-28,9999-01-01,40000
Senior Engineer,445067,Eldridge,Kawashima,1997-02-27,9999-01-01,45253
Senior Staff,445152,Heping,Peac,1992-03-20,9999-01-01,49949
Senior Engineer,445226,Oscar,Baumann,1996-01-22,9999-01-01,40000
Technique Leader,445570,Van,Nations,1986-08-11,9999-01-01,46882
Senior Staff,445723,Gaurav,Roison,1995-10-22,9999-01-01,55964
Technique Leader,445941,Masako,Dechter,1985-09-25,9999-01-01,41871
Senior Engineer,445950,Ebru,Valtorta,1997-12-09,9999-01-01,40000
Staff,446121,Fay,Cochrane,1999-12-13,9999-01-01,66901
Senior Engineer,446306,Hercules,Kabayashi,1991-06-10,9999-01-01,52162
Senior Engineer,446424,DAIDA,Nooteboom,1992-11-24,9999-01-01,58549
Technique Leader,446897,Takahiro,Dalton,1992-09-30,9999-01-01,40000
Senior Engineer,446959,Aram,Passino,1995-01-28,9999-01-01,46058
Senior Engineer,447018,Dannz,Miara,2000-12-04,9999-01-01,40000
Senior Staff,447135,Gennady,Rouquie,1989-08-24,9999-01-01,40000
Senior Staff,447232,Aleksander,Schaaf,2001-05-25,9999-01-01,102759
Staff,447376,Kirk,Zongker,1999-12-10,9999-01-01,70592
Senior Staff,447544,Stabislas,Kakkad,1989-02-19,9999-01-01,86434
Senior Engineer,447613,Paris,Restivo,1991-11-21,9999-01-01,43894
Senior Engineer,447877,Make,Heuser,1997-07-02,9999-01-01,40000
Senior Staff,447931,Martijn,Jeong,1999-12-14,9999-01-01,72595
Senior Engineer,447966,Kamakshi,Hebert,2002-01-17,9999-01-01,57165
Senior Engineer,447982,Shiv,Baezner,1996-12-16,9999-01-01,40000
Senior Engineer,447999,Shiv,Vilarrasa,1995-08-01,9999-01-01,48626
Technique Leader,448769,Mong,Dichev,1997-10-11,9999-01-01,56886
Staff,448900,Mart,Talmor,1999-05-11,9999-01-01,55122
Senior Engineer,448918,Chiradeep,Arlazarov,1998-10-06,9999-01-01,48275
Staff,448994,Haldun,Syang,1997-02-11,9999-01-01,55952
Senior Staff,449189,Jahangir,Bernatsky,1995-09-30,9999-01-01,52150
Senior Staff,449815,Fumitaka,Quittner,1993-04-20,9999-01-01,43762
Senior Engineer,449984,Hinrich,Perin,1993-11-20,9999-01-01,40000
Senior Engineer,450184,Selwyn,Henseler,1993-03-09,9999-01-01,57687
Technique Leader,450255,Udo,Waymire,1986-06-14,9999-01-01,40000
Technique Leader,450309,Gill,Orlowska,1986-12-25,9999-01-01,47695
Senior Staff,450475,Saeed,Bahl,1991-01-29,9999-01-01,41804
Senior Engineer,450817,DAIDA,Frolund,1996-07-16,9999-01-01,56583
Senior Staff,450888,Sedat,Rande,2001-03-24,9999-01-01,55308
Senior Engineer,450934,Chanjung,Raoux,1998-05-25,9999-01-01,40000
Senior Staff,450936,Yuriy,Ponthieu,1996-12-10,9999-01-01,49451
Senior Staff,451253,Jaihie,Ozeri,1997-06-20,9999-01-01,66577
Senior Engineer,451272,Jacopo,Krohm,1997-04-23,9999-01-01,50905
Senior Staff,451275,Bedrich,Isard,1986-06-07,9999-01-01,40000
Senior Staff,451333,Radhika,Bonifati,1995-03-11,9999-01-01,40000
Senior Engineer,452137,Subir,Miake,2002-07-11,9999-01-01,59812
Staff,452206,Arra,Esposito,1994-11-03,9999-01-01,57175
Senior Engineer,452325,Taiji,Berstel,2001-12-02,9999-01-01,71879
Senior Staff,452347,Shigeichiro,Brattka,2001-07-13,9999-01-01,56042
Engineer,452365,Fei,Gadepally,1997-11-13,9999-01-01,40000
Senior Engineer,452956,Gou,Thombley,1987-04-09,9999-01-01,44716
Staff,452957,Alair,Nanard,1996-02-10,9999-01-01,60350
Senior Staff,452982,Lobel,Aloia,1994-12-29,9999-01-01,103154
Senior Staff,453070,Aran,Rosenbaum,2000-04-24,9999-01-01,40000
Staff,453154,Gao,Lally,1996-03-01,9999-01-01,40000
Senior Staff,453644,Berni,Takkinen,1997-06-08,9999-01-01,60389
Engineer,453688,Chinya,Leslie,1995-10-28,9999-01-01,40000
Senior Engineer,453723,Arne,Kohling,1993-12-13,9999-01-01,40996
Senior Staff,453760,Ewing,Rajala,2001-06-21,9999-01-01,40000
Senior Engineer,453790,Fai,Keirsey,1999-10-12,9999-01-01,59270
Senior Staff,453913,Stein,Perng,1998-04-29,9999-01-01,66997
Engineer,454338,Mohammed,Georg,1998-08-03,9999-01-01,40000
Technique Leader,454378,Gina,Ossenbruggen,1998-01-03,9999-01-01,63514
Engineer,454736,Nechama,Ermel,1995-06-05,9999-01-01,45224
Senior Engineer,454791,Xiaoqiu,Pietracaprina,1994-07-09,9999-01-01,70297
Senior Engineer,454825,Kamakshi,Schusler,2001-05-24,9999-01-01,55857
Senior Engineer,454994,Mohan,Picht,2000-02-24,9999-01-01,40000
Senior Staff,455175,Soenke,Zaumen,1998-02-21,9999-01-01,40000
Senior Engineer,455284,Luisa,Baig,2002-07-12,9999-01-01,40000
Senior Staff,455726,Qiwen,Kriebel,1992-12-12,9999-01-01,89978
Senior Engineer,455814,Giao,DuCasse,1999-07-19,9999-01-01,40757
Senior Engineer,455914,Peer,Angelopoulos,1996-07-23,9999-01-01,62820
Senior Staff,456767,Tetsurou,Schreiter,1994-07-17,9999-01-01,81806
Senior Engineer,456982,Shounak,Dratva,1997-01-05,9999-01-01,41631
Senior Staff,457070,Gay,Plavsic,1994-08-06,9999-01-01,40000
Staff,457146,Jinpo,Heyers,1999-01-07,9999-01-01,58534
Staff,457305,Sorina,Lakshmanan,1994-09-03,9999-01-01,71290
Technique Leader,457337,Xumin,Beidas,1995-04-27,9999-01-01,40000
Senior Engineer,457411,Xudong,Peck,1988-04-18,9999-01-01,40000
Senior Engineer,457489,Berna,Ranst,1992-05-14,9999-01-01,42727
Engineer,457611,Indrajit,Krogh,1998-09-18,9999-01-01,40000
Senior Engineer,457776,Florian,Siepmann,1996-12-20,9999-01-01,42709
Senior Engineer,457813,Foong,Gargeya,2000-01-24,9999-01-01,40000
Senior Engineer,457832,Jackson,Zielinski,1997-09-12,9999-01-01,40000
Senior Staff,457938,Arch,Picco,2000-06-07,9999-01-01,56568
Engineer,458111,Florian,Tramer,1999-11-07,9999-01-01,76812
Senior Staff,458134,Thanasis,Standera,1992-03-20,9999-01-01,40000
Staff,458191,George,Atchley,1997-07-02,9999-01-01,71591
Engineer,458383,Mabhin,Foote,1999-04-23,9999-01-01,40000
Senior Staff,458726,Shahaf,Kitai,1991-12-26,9999-01-01,40000
Senior Engineer,458790,Ramya,Azadmanesh,1994-11-19,9999-01-01,40000
Engineer,459172,Val,Rissanen,1999-11-20,9999-01-01,58787
Engineer,459356,Pramod,Wendorf,1998-12-25,9999-01-01,40000
Senior Staff,459429,Mohit,Verhaegen,1999-05-28,9999-01-01,92397
Engineer,459685,Hirochika,Goldhammer,1998-03-12,9999-01-01,44433
Staff,460131,Adly,Hambrick,1997-07-25,9999-01-01,68182
Senior Staff,460691,Munehiko,Gihr,1989-12-06,9999-01-01,40000
Senior Engineer,460707,Yoshinari,Lanteri,2001-12-25,9999-01-01,40000
Senior Staff,460920,Remzi,Mitzlaff,1986-04-06,9999-01-01,77844
Senior Engineer,461120,Shietung,Gelosh,2001-03-26,9999-01-01,68304
Staff,461270,Mrinalini,Mawatari,1996-01-03,9999-01-01,76737
Senior Staff,461801,Sumali,Cooman,2000-02-16,9999-01-01,59006
Senior Engineer,462493,Paloma,Gerlach,1994-07-26,9999-01-01,40000
Senior Staff,462795,Somnath,Cummings,2002-07-10,9999-01-01,47611
Staff,463023,Itzchak,Penn,1999-01-21,9999-01-01,53407
Senior Staff,463099,Jinxi,Schmiedel,1996-09-20,9999-01-01,59911
Senior Engineer,463212,Ramya,Rossi,1987-03-02,9999-01-01,47857
Technique Leader,463472,Jaber,Sethi,1995-06-06,9999-01-01,40000
Senior Staff,463495,Alenka,Barriga,1993-05-06,9999-01-01,40000
Senior Staff,464284,Huiqun,Henders,1993-05-19,9999-01-01,85882
Senior Staff,464303,Abdelghani,Nyrup,1994-08-02,9999-01-01,48803
Senior Engineer,465062,Stafford,Gist,1995-05-08,9999-01-01,44624
Senior Engineer,465076,Tokuyasu,Ghelli,1993-05-05,9999-01-01,58601
Senior Staff,465085,Vidar,Gunderson,1996-03-18,9999-01-01,40000
Senior Staff,465409,Shahid,Varman,1993-08-27,9999-01-01,67038
Senior Staff,465501,Mrinalini,Gire,2000-11-09,9999-01-01,40000
Senior Engineer,465711,Lakshmi,Frijda,1995-04-21,9999-01-01,54507
Staff,465853,Kwan,Kampfer,1998-10-16,9999-01-01,40000
Engineer,465874,Herb,Picht,1994-05-31,9999-01-01,72099
Senior Staff,466064,Temple,Danlos,1994-06-13,9999-01-01,48435
Senior Staff,466367,Hiroyasu,Strandh,1997-06-05,9999-01-01,40000
Senior Engineer,466509,Bezalel,Verhoeff,1993-03-22,9999-01-01,40000
Senior Staff,466603,Yechezkel,Nourani,1996-07-31,9999-01-01,54724
Senior Staff,466745,Boalin,Birsak,2000-10-15,9999-01-01,40000
Senior Staff,467176,Przemyslawa,Borovoy,1998-06-18,9999-01-01,56585
Technique Leader,467269,Nahum,Lambe,1989-08-31,9999-01-01,40000
Senior Engineer,467392,Mariusz,Rikino,2001-04-12,9999-01-01,45749
Senior Engineer,467441,Margareta,Bondorf,1994-11-07,9999-01-01,40000
Staff,467591,Kiyotoshi,Hennebert,1997-09-21,9999-01-01,52731
Senior Staff,467886,Sivanarayana,Chandrasekhar,1996-01-24,9999-01-01,66865
Staff,467918,Tsuneo,Skrikant,1997-10-21,9999-01-01,40000
Technique Leader,468360,Huei,Saoudi,1994-08-10,9999-01-01,40000
Senior Engineer,468417,Kamakshi,Huhdanpaa,2001-08-26,9999-01-01,40000
Senior Engineer,468659,Ranga,Lemarechal,1997-11-05,9999-01-01,40000
Senior Engineer,468773,Baziley,Brookner,1999-09-22,9999-01-01,41553
Senior Engineer,469104,Nadjib,Comellas,2002-04-18,9999-01-01,42499
Senior Engineer,469253,Baruch,Basawa,2001-09-17,9999-01-01,40000
Senior Engineer,469269,Weiyi,Codenie,1996-05-27,9999-01-01,40000
Senior Engineer,469366,Aiman,Wilfing,1999-12-30,9999-01-01,48989
Engineer,469399,Hongzhu,Ruemmler,1999-02-14,9999-01-01,51576
Staff,469527,Halsur,Ibel,1998-03-05,9999-01-01,43350
Senior Engineer,469529,Neven,Rikino,1993-10-21,9999-01-01,40247
Senior Engineer,469735,Arif,Stranks,1992-11-16,9999-01-01,65879
Senior Staff,469867,Hein,Jonsson,1990-02-12,9999-01-01,49974
Senior Staff,470456,Reuven,Oehlmann,1994-03-29,9999-01-01,45633
Senior Engineer,470472,Zhiguo,Staudhammer,1991-12-03,9999-01-01,40000
Engineer,471397,Nigel,Zirintsis,1999-01-03,9999-01-01,40000
Technique Leader,471532,Feiyu,Decleir,1998-09-13,9999-01-01,46522
Staff,471552,Basem,Lortz,1997-10-25,9999-01-01,42758
Engineer,471911,Arun,Zaccaria,1998-05-31,9999-01-01,40000
Staff,471939,Kazuhiko,Marshall,1999-11-16,9999-01-01,69487
Assistant Engineer,472052,Godehard,Chinal,1995-12-09,9999-01-01,52516
Senior Staff,472143,Yahiko,Sommen,1996-08-14,9999-01-01,78806
Senior Engineer,472238,Jungsoon,Gubsky,1990-10-09,9999-01-01,52860
Senior Engineer,472790,Zhenbing,Ibel,1985-10-29,9999-01-01,55035
Senior Engineer,472950,Weidon,Fordan,1986-03-27,9999-01-01,60425
Senior Staff,473268,Hugo,Sgarro,1992-04-24,9999-01-01,55564
Senior Staff,473299,Khaled,Penn,1999-05-20,9999-01-01,83582
Senior Staff,473490,Pantung,Reeker,1998-05-11,9999-01-01,40000
Engineer,473940,Avishai,Majewski,1998-01-10,9999-01-01,46814
Senior Staff,474331,Sugwoo,Eugenio,1991-10-06,9999-01-01,40000
Engineer,474763,Mayuko,Clouatre,1997-09-04,9999-01-01,61436
Technique Leader,474796,Zongyan,Shackel,1986-11-09,9999-01-01,68336
Senior Engineer,475087,Genevieve,Snedden,1988-10-21,9999-01-01,40000
Senior Staff,475258,Fumiyo,Feinberg,1995-11-22,9999-01-01,40000
Staff,475538,Christophe,Leaver,1998-10-31,9999-01-01,40000
Senior Engineer,475938,Shigeaki,Lanteri,1996-02-18,9999-01-01,40000
Senior Engineer,475965,Rimon,Pietracaprina,1990-07-10,9999-01-01,40000
Senior Staff,476055,Girolamo,Schlumberger,1998-03-07,9999-01-01,40000
Engineer,476122,Khun,Spieker,1995-05-07,9999-01-01,40000
Senior Engineer,476327,Reinhold,Binkley,2000-05-28,9999-01-01,51519
Technique Leader,476361,Doohun,Preusig,1985-04-13,9999-01-01,42446
Staff,477350,Terresa,Vigier,1998-07-08,9999-01-01,47167
Senior Engineer,477578,Marit,Paludetto,1998-09-30,9999-01-01,83068
Senior Engineer,477969,Bluma,Mundy,2000-10-17,9999-01-01,40000
Senior Engineer,478007,Fumino,Narahara,2000-09-20,9999-01-01,47559
Engineer,478170,Doowon,Schoegge,2001-05-29,9999-01-01,40000
Engineer,478218,Djenana,Erol,1999-01-31,9999-01-01,65244
Technique Leader,478439,Yuichiro,Bale,1997-11-04,9999-01-01,47250
Senior Engineer,478768,Arun,Katzenelson,1997-10-27,9999-01-01,67237
Senior Staff,478799,Shaw,Borovoy,1991-05-11,9999-01-01,40297
Senior Engineer,478833,Pradeep,Valiente,1998-09-19,9999-01-01,83315
Staff,478858,Hidekazu,Perna,1999-11-08,9999-01-01,40000
Engineer,479024,Ewing,Kalorkoti,1996-12-21,9999-01-01,60882
Senior Engineer,479407,Randi,Tomescu,2000-11-25,9999-01-01,46866
Staff,479601,Kayoko,Bahi,1997-02-19,9999-01-01,65786
Senior Staff,479695,Masamitsu,Murrill,2002-06-27,9999-01-01,40176
Senior Staff,480035,Sukumar,Georg,1998-03-27,9999-01-01,40000
Senior Engineer,480066,Suebskul,Menhardt,1999-07-26,9999-01-01,40000
Senior Staff,480178,Uinam,Rahier,1996-02-10,9999-01-01,55930
Technique Leader,480268,Gaurav,Cheshire,1989-03-30,9999-01-01,44209
Senior Engineer,480407,Deniz,Bennis,1996-06-24,9999-01-01,40000
Senior Staff,481050,Weiru,Burnard,1999-10-15,9999-01-01,50385
Senior Staff,481213,Shigehiro,Haldar,1999-12-14,9999-01-01,73617
Assistant Engineer,481397,Luisa,Chelton,1998-08-13,9999-01-01,40000
Senior Engineer,481764,Teiji,Marrakchi,1986-08-26,9999-01-01,60322
Senior Engineer,481790,Haldun,Erie,1996-09-12,9999-01-01,50133
Engineer,482335,Kwangyoen,Peck,1994-01-16,9999-01-01,56445
Staff,482354,Jayson,Zockler,1999-11-06,9999-01-01,40000
Senior Staff,482755,Jouni,Conia,1999-10-31,9999-01-01,77972
Senior Engineer,482885,Shaunak,Brizzi,2000-09-01,9999-01-01,49347
Senior Staff,482905,Aral,Hebden,1991-09-10,9999-01-01,65709
Senior Staff,482944,Duke,Journel,1997-10-25,9999-01-01,96529
Senior Staff,483401,Rosita,Pokrovskii,1996-08-03,9999-01-01,50685
Senior Engineer,483675,Hausi,Kamber,1993-02-15,9999-01-01,40000
Senior Engineer,483825,Marek,Mitchem,1992-11-20,9999-01-01,52817
Assistant Engineer,483838,Sham,Kavanagh,1997-12-18,9999-01-01,40000
Senior Staff,483978,Dung,Tanemo,1995-01-28,9999-01-01,100425
Senior Staff,484126,Manton,Lueh,1989-04-07,9999-01-01,48754
Senior Staff,484142,Perry,Cooman,1993-04-22,9999-01-01,40000
Senior Engineer,484498,Herbert,Hammerschmidt,2001-08-22,9999-01-01,66106
Senior Engineer,484756,Phule,Ruemmler,1996-08-08,9999-01-01,40000
Senior Staff,485253,Gladys,Parhami,1996-07-20,9999-01-01,53582
Senior Engineer,485489,Keiichiro,Armand,1996-12-13,9999-01-01,55395
Senior Engineer,485577,Rafael,Menhoudj,1997-04-27,9999-01-01,40000
Senior Engineer,485579,Munehiro,Iwayama,1992-12-15,9999-01-01,44117
Senior Staff,485799,Yoshimitsu,Litvinov,1997-11-22,9999-01-01,40000
Engineer,485817,Mahmut,Bolotov,1995-01-10,9999-01-01,51242
Senior Staff,486068,Yefim,Bernardeschi,2001-06-26,9999-01-01,54089
Senior Engineer,486808,Geoffrey,Siochi,1998-12-27,9999-01-01,40000
Senior Staff,486918,Yagil,Remmers,1994-11-01,9999-01-01,51627
Engineer,486956,Matt,Ruemmler,1993-10-14,9999-01-01,63351
Senior Engineer,486958,Tonny,Kropf,1992-07-29,9999-01-01,45160
Senior Staff,487008,Zhigen,Raney,1993-05-26,9999-01-01,73387
Senior Staff,487505,Uno,Jayawardene,1993-11-01,9999-01-01,57439
Senior Staff,487988,Ekawit,Schaft,1999-05-20,9999-01-01,40000
Senior Staff,488095,Francoise,Hegner,1997-12-23,9999-01-01,40000
Senior Staff,488142,Denis,Narlikar,1997-06-30,9999-01-01,40612
Engineer,488482,Kensyu,Tsunoo,1999-12-05,9999-01-01,44477
Senior Staff,488540,Breannda,Maquelin,1996-04-12,9999-01-01,88346
Engineer,488619,Georgy,Bennis,1998-04-11,9999-01-01,58714
Senior Engineer,488693,Jiong,Zultner,1993-03-10,9999-01-01,40000
Senior Staff,488707,Mihalis,Remmers,1996-02-29,9999-01-01,61980
Senior Staff,488752,Nimmagadda,Baja,2002-02-09,9999-01-01,44935
Senior Staff,488788,Wuxu,Garigliano,1997-09-21,9999-01-01,55528
Senior Staff,488984,Kendra,Junet,1993-02-28,9999-01-01,68524
Senior Staff,489755,Matk,Chorvat,2000-12-29,9999-01-01,50263
Senior Staff,489756,Kersti,Miculan,1999-06-10,9999-01-01,74625
Assistant Engineer,489928,Satoru,Janetzko,1997-07-26,9999-01-01,43680
Engineer,490551,Lalit,Lindqvist,1998-11-07,9999-01-01,52602
Senior Engineer,490557,Luise,Vigier,2001-07-01,9999-01-01,45888
Senior Engineer,490568,Zita,Reistad,1998-07-23,9999-01-01,58375
Senior Engineer,490720,Younwoo,Samarati,1996-08-19,9999-01-01,57642
Senior Engineer,491079,Kwangsub,Keirsey,1992-02-04,9999-01-01,47638
Senior Engineer,491162,Panayotis,Hempstead,1994-08-29,9999-01-01,55743
Senior Staff,491478,Gill,Varman,1996-06-18,9999-01-01,50787
Senior Engineer,491596,Charmane,Pargas,1993-07-29,9999-01-01,40000
Senior Staff,491632,Gadiel,Perly,1994-10-20,9999-01-01,75387
Senior Staff,492000,Valeska,Cools,1999-12-16,9999-01-01,40000
Staff,492052,Udo,Ratnakar,1999-11-30,9999-01-01,53754
Senior Engineer,492217,Heekeun,Verhaegen,1991-09-28,9999-01-01,43116
Engineer,492639,Sanjoy,Porenta,1997-07-10,9999-01-01,63732
Senior Engineer,492677,Goetz,McAffer,1994-02-04,9999-01-01,57772
Senior Staff,493031,Hironoby,Jakobus,1996-07-29,9999-01-01,58953
Senior Staff,493048,Muzhong,Berztiss,2001-01-22,9999-01-01,87744
Engineer,493096,Sachem,Msuda,1995-04-07,9999-01-01,54424
Senior Engineer,493744,Leni,Kropatsch,1997-07-17,9999-01-01,40000
Senior Staff,494019,Morrie,Iisaku,1999-05-06,9999-01-01,65241
Senior Engineer,494088,Phule,Dahlbom,1997-02-06,9999-01-01,53267
Staff,494493,Masasuke,Koprowski,1996-11-20,9999-01-01,96959
Senior Staff,494995,Yongmao,Pouyioutas,1996-08-24,9999-01-01,61003
Staff,496100,Pranjal,Reinhard,1995-05-08,9999-01-01,40197
Senior Engineer,496970,Giordano,Maquelin,1999-12-31,9999-01-01,58910
Senior Staff,496978,Danco,Debuse,1998-09-10,9999-01-01,74289
Senior Engineer,497007,Oldrich,Adachi,2002-04-03,9999-01-01,42380
Senior Engineer,497174,Sanjiv,Bressoud,1998-04-27,9999-01-01,45255
Senior Staff,497340,Fayez,Keohane,1990-09-19,9999-01-01,62550
Engineer,497391,Paris,Lieblein,1999-05-19,9999-01-01,74583
Technique Leader,497835,Shuho,Laurillard,1999-10-06,9999-01-01,40000
Senior Engineer,498185,Caolyn,Marciano,1999-06-06,9999-01-01,40000
Staff,498337,Naraig,Docker,1997-05-17,9999-01-01,65293
Senior Staff,498456,Geraldo,Gerteisen,1993-06-04,9999-01-01,40000
Senior Staff,498635,Florian,Pezzoli,1997-07-22,9999-01-01,43577
Senior Staff,498838,Sanjay,Ciolek,1998-12-13,9999-01-01,40000
Senior Engineer,498845,Arumugam,Pelc,1999-11-13,9999-01-01,40000
Senior Engineer,498955,Nechama,Kandlur,2002-01-16,9999-01-01,52314
Senior Staff,499194,Padma,Delgrange,1998-01-02,9999-01-01,61589
Engineer,499260,Danae,Honglei,1998-09-14,9999-01-01,40000
Engineer,499495,Baoqiu,Kakkar,1999-08-30,9999-01-01,40000
